date,amount,day,month,year,weekday,weeknum
2011-12-31 00:00:00,16302,31,12,2011,Sat,53
2011-01-01 00:00:00,21180,1,1,2011,Sat,1
2011-01-02 00:00:00,26817,2,1,2011,Sun,2
2011-01-03 00:00:00,80782,3,1,2011,Mon,2
2011-01-04 00:00:00,49108,4,1,2011,Tue,2
2011-01-05 00:00:00,83963,5,1,2011,Wed,2
2011-01-06 00:00:00,80208,6,1,2011,Thu,2
2011-01-07 00:00:00,26422,7,1,2011,Fri,2
2011-01-08 00:00:00,75159,8,1,2011,Sat,2
2011-01-09 00:00:00,50619,9,1,2011,Sun,3
2011-01-10 00:00:00,45149,10,1,2011,Mon,3
2011-01-11 00:00:00,23102,11,1,2011,Tue,3
2011-01-12 00:00:00,46558,12,1,2011,Wed,3
2011-01-13 00:00:00,50114,13,1,2011,Thu,3
2011-01-14 00:00:00,73793,14,1,2011,Fri,3
2011-01-15 00:00:00,85066,15,1,2011,Sat,3
2011-01-16 00:00:00,28628,16,1,2011,Sun,4
2011-01-17 00:00:00,87647,17,1,2011,Mon,4
2011-01-18 00:00:00,35514,18,1,2011,Tue,4
2011-01-19 00:00:00,26840,19,1,2011,Wed,4
2011-01-20 00:00:00,00200,20,1,2011,Thu,4
2011-01-21 00:00:00,99724,21,1,2011,Fri,4
2011-01-22 00:00:00,66711,22,1,2011,Sat,4
2011-01-23 00:00:00,07175,23,1,2011,Sun,5
2011-01-24 00:00:00,21565,24,1,2011,Mon,5
2011-01-25 00:00:00,14506,25,1,2011,Tue,5
2011-01-26 00:00:00,80998,26,1,2011,Wed,5
2011-01-27 00:00:00,38876,27,1,2011,Thu,5
2011-01-28 00:00:00,09241,28,1,2011,Fri,5
2011-01-29 00:00:00,63056,29,1,2011,Sat,5
2011-01-30 00:00:00,65922,30,1,2011,Sun,6
2011-01-31 00:00:00,38634,31,1,2011,Mon,6
2011-02-01 00:00:00,21594,1,2,2011,Tue,6
2011-02-02 00:00:00,91938,2,2,2011,Wed,6
2011-02-03 00:00:00,65047,3,2,2011,Thu,6
2011-02-04 00:00:00,20207,4,2,2011,Fri,6
2011-02-05 00:00:00,87943,5,2,2011,Sat,6
2011-02-06 00:00:00,22840,6,2,2011,Sun,7
2011-02-07 00:00:00,61564,7,2,2011,Mon,7
2011-02-08 00:00:00,40566,8,2,2011,Tue,7
2011-02-09 00:00:00,97123,9,2,2011,Wed,7
2011-02-10 00:00:00,50525,10,2,2011,Thu,7
2011-02-11 00:00:00,66739,11,2,2011,Fri,7
2011-02-12 00:00:00,19827,12,2,2011,Sat,7
2011-02-13 00:00:00,35688,13,2,2011,Sun,8
2011-02-14 00:00:00,65931,14,2,2011,Mon,8
2011-02-15 00:00:00,82838,15,2,2011,Tue,8
2011-02-16 00:00:00,93452,16,2,2011,Wed,8
2011-02-17 00:00:00,53997,17,2,2011,Thu,8
2011-02-18 00:00:00,96889,18,2,2011,Fri,8
2011-02-19 00:00:00,48960,19,2,2011,Sat,8
2011-02-20 00:00:00,75424,20,2,2011,Sun,9
2011-02-21 00:00:00,05421,21,2,2011,Mon,9
2011-02-22 00:00:00,18742,22,2,2011,Tue,9
2011-02-23 00:00:00,07274,23,2,2011,Wed,9
2011-02-24 00:00:00,92934,24,2,2011,Thu,9
2011-02-25 00:00:00,44319,25,2,2011,Fri,9
2011-02-26 00:00:00,46394,26,2,2011,Sat,9
2011-02-27 00:00:00,84946,27,2,2011,Sun,10
2011-02-28 00:00:00,01704,28,2,2011,Mon,10
2011-03-01 00:00:00,19114,1,3,2011,Tue,10
2011-03-02 00:00:00,29986,2,3,2011,Wed,10
2011-03-03 00:00:00,79320,3,3,2011,Thu,10
2011-03-04 00:00:00,53787,4,3,2011,Fri,10
2011-03-05 00:00:00,89148,5,3,2011,Sat,10
2011-03-06 00:00:00,56019,6,3,2011,Sun,11
2011-03-07 00:00:00,17567,7,3,2011,Mon,11
2011-03-08 00:00:00,32090,8,3,2011,Tue,11
2011-03-09 00:00:00,77344,9,3,2011,Wed,11
2011-03-10 00:00:00,99845,10,3,2011,Thu,11
2011-03-11 00:00:00,47450,11,3,2011,Fri,11
2011-03-12 00:00:00,57851,12,3,2011,Sat,11
2011-03-13 00:00:00,41181,13,3,2011,Sun,12
2011-03-14 00:00:00,64734,14,3,2011,Mon,12
2011-03-15 00:00:00,41065,15,3,2011,Tue,12
2011-03-16 00:00:00,06299,16,3,2011,Wed,12
2011-03-17 00:00:00,19778,17,3,2011,Thu,12
2011-03-18 00:00:00,18239,18,3,2011,Fri,12
2011-03-19 00:00:00,74157,19,3,2011,Sat,12
2011-03-20 00:00:00,07513,20,3,2011,Sun,13
2011-03-21 00:00:00,56972,21,3,2011,Mon,13
2011-03-22 00:00:00,08602,22,3,2011,Tue,13
2011-03-23 00:00:00,30673,23,3,2011,Wed,13
2011-03-24 00:00:00,38261,24,3,2011,Thu,13
2011-03-25 00:00:00,14625,25,3,2011,Fri,13
2011-03-26 00:00:00,67488,26,3,2011,Sat,13
2011-03-27 00:00:00,53766,27,3,2011,Sun,14
2011-03-28 00:00:00,30721,28,3,2011,Mon,14
2011-03-29 00:00:00,41727,29,3,2011,Tue,14
2011-03-30 00:00:00,06751,30,3,2011,Wed,14
2011-03-31 00:00:00,0549,31,3,2011,Thu,14
2011-04-01 00:00:00,57606,1,4,2011,Fri,14
2011-04-02 00:00:00,23090,2,4,2011,Sat,14
2011-04-03 00:00:00,37827,3,4,2011,Sun,15
2011-04-04 00:00:00,72652,4,4,2011,Mon,15
2011-04-05 00:00:00,44511,5,4,2011,Tue,15
2011-04-06 00:00:00,02665,6,4,2011,Wed,15
2011-04-07 00:00:00,06466,7,4,2011,Thu,15
2011-04-08 00:00:00,75575,8,4,2011,Fri,15
2011-04-09 00:00:00,66585,9,4,2011,Sat,15
2011-04-10 00:00:00,15312,10,4,2011,Sun,16
2011-04-11 00:00:00,04970,11,4,2011,Mon,16
2011-04-12 00:00:00,88751,12,4,2011,Tue,16
2011-04-13 00:00:00,44915,13,4,2011,Wed,16
2011-04-14 00:00:00,51464,14,4,2011,Thu,16
2011-04-15 00:00:00,62511,15,4,2011,Fri,16
2011-04-16 00:00:00,47958,16,4,2011,Sat,16
2011-04-17 00:00:00,71448,17,4,2011,Sun,17
2011-04-18 00:00:00,37859,18,4,2011,Mon,17
2011-04-19 00:00:00,19326,19,4,2011,Tue,17
2011-04-20 00:00:00,31161,20,4,2011,Wed,17
2011-04-21 00:00:00,79799,21,4,2011,Thu,17
2011-04-22 00:00:00,86608,22,4,2011,Fri,17
2011-04-23 00:00:00,11290,23,4,2011,Sat,17
2011-04-24 00:00:00,09308,24,4,2011,Sun,18
2011-04-25 00:00:00,39509,25,4,2011,Mon,18
2011-04-26 00:00:00,36013,26,4,2011,Tue,18
2011-04-27 00:00:00,01808,27,4,2011,Wed,18
2011-04-28 00:00:00,00005,28,4,2011,Thu,18
2011-04-29 00:00:00,18695,29,4,2011,Fri,18
2011-04-30 00:00:00,58034,30,4,2011,Sat,18
2011-05-01 00:00:00,52968,1,5,2011,Sun,19
2011-05-02 00:00:00,34756,2,5,2011,Mon,19
2011-05-03 00:00:00,99596,3,5,2011,Tue,19
2011-05-04 00:00:00,52784,4,5,2011,Wed,19
2011-05-05 00:00:00,1845,5,5,2011,Thu,19
2011-05-06 00:00:00,72616,6,5,2011,Fri,19
2011-05-07 00:00:00,46823,7,5,2011,Sat,19
2011-05-08 00:00:00,09805,8,5,2011,Sun,20
2011-05-09 00:00:00,65310,9,5,2011,Mon,20
2011-05-10 00:00:00,77742,10,5,2011,Tue,20
2011-05-11 00:00:00,37896,11,5,2011,Wed,20
2011-05-12 00:00:00,14733,12,5,2011,Thu,20
2011-05-13 00:00:00,33276,13,5,2011,Fri,20
2011-05-14 00:00:00,50537,14,5,2011,Sat,20
2011-05-15 00:00:00,54543,15,5,2011,Sun,21
2011-05-16 00:00:00,31882,16,5,2011,Mon,21
2011-05-17 00:00:00,46022,17,5,2011,Tue,21
2011-05-18 00:00:00,31930,18,5,2011,Wed,21
2011-05-19 00:00:00,05553,19,5,2011,Thu,21
2011-05-20 00:00:00,65889,20,5,2011,Fri,21
2011-05-21 00:00:00,92514,21,5,2011,Sat,21
2011-05-22 00:00:00,47558,22,5,2011,Sun,22
2011-05-23 00:00:00,59537,23,5,2011,Mon,22
2011-05-24 00:00:00,71665,24,5,2011,Tue,22
2011-05-25 00:00:00,35724,25,5,2011,Wed,22
2011-05-26 00:00:00,1653,26,5,2011,Thu,22
2011-05-27 00:00:00,00464,27,5,2011,Fri,22
2011-05-28 00:00:00,39827,28,5,2011,Sat,22
2011-05-29 00:00:00,91385,29,5,2011,Sun,23
2011-05-30 00:00:00,42159,30,5,2011,Mon,23
2011-05-31 00:00:00,47895,31,5,2011,Tue,23
2011-06-01 00:00:00,22544,1,6,2011,Wed,23
2011-06-02 00:00:00,80025,2,6,2011,Thu,23
2011-06-03 00:00:00,50432,3,6,2011,Fri,23
2011-06-04 00:00:00,44116,4,6,2011,Sat,23
2011-06-05 00:00:00,49216,5,6,2011,Sun,24
2011-06-06 00:00:00,19291,6,6,2011,Mon,24
2011-06-07 00:00:00,00321,7,6,2011,Tue,24
2011-06-08 00:00:00,91125,8,6,2011,Wed,24
2011-06-09 00:00:00,67438,9,6,2011,Thu,24
2011-06-10 00:00:00,51404,10,6,2011,Fri,24
2011-06-11 00:00:00,90135,11,6,2011,Sat,24
2011-06-12 00:00:00,02851,12,6,2011,Sun,25
2011-06-13 00:00:00,76550,13,6,2011,Mon,25
2011-06-14 00:00:00,11243,14,6,2011,Tue,25
2011-06-15 00:00:00,86606,15,6,2011,Wed,25
2011-06-16 00:00:00,54554,16,6,2011,Thu,25
2011-06-17 00:00:00,05256,17,6,2011,Fri,25
2011-06-18 00:00:00,15976,18,6,2011,Sat,25
2011-06-19 00:00:00,54521,19,6,2011,Sun,26
2011-06-20 00:00:00,48917,20,6,2011,Mon,26
2011-06-21 00:00:00,36389,21,6,2011,Tue,26
2011-06-22 00:00:00,54256,22,6,2011,Wed,26
2011-06-23 00:00:00,22861,23,6,2011,Thu,26
2011-06-24 00:00:00,45131,24,6,2011,Fri,26
2011-06-25 00:00:00,85223,25,6,2011,Sat,26
2011-06-26 00:00:00,13399,26,6,2011,Sun,27
2011-06-27 00:00:00,50497,27,6,2011,Mon,27
2011-06-28 00:00:00,51477,28,6,2011,Tue,27
2011-06-29 00:00:00,68966,29,6,2011,Wed,27
2011-06-30 00:00:00,20142,30,6,2011,Thu,27
2011-07-01 00:00:00,46857,1,7,2011,Fri,27
2011-07-02 00:00:00,23592,2,7,2011,Sat,27
2011-07-03 00:00:00,50619,3,7,2011,Sun,28
2011-07-04 00:00:00,28415,4,7,2011,Mon,28
2011-07-05 00:00:00,77029,5,7,2011,Tue,28
2011-07-06 00:00:00,31721,6,7,2011,Wed,28
2011-07-07 00:00:00,5766,7,7,2011,Thu,28
2011-07-08 00:00:00,40501,8,7,2011,Fri,28
2011-07-09 00:00:00,82761,9,7,2011,Sat,28
2011-07-10 00:00:00,02515,10,7,2011,Sun,29
2011-07-11 00:00:00,59925,11,7,2011,Mon,29
2011-07-12 00:00:00,21646,12,7,2011,Tue,29
2011-07-13 00:00:00,53950,13,7,2011,Wed,29
2011-07-14 00:00:00,12607,14,7,2011,Thu,29
2011-07-15 00:00:00,38128,15,7,2011,Fri,29
2011-07-16 00:00:00,85559,16,7,2011,Sat,29
2011-07-17 00:00:00,37282,17,7,2011,Sun,30
2011-07-18 00:00:00,84700,18,7,2011,Mon,30
2011-07-19 00:00:00,62314,19,7,2011,Tue,30
2011-07-20 00:00:00,60233,20,7,2011,Wed,30
2011-07-21 00:00:00,19636,21,7,2011,Thu,30
2011-07-22 00:00:00,20174,22,7,2011,Fri,30
2011-07-23 00:00:00,43085,23,7,2011,Sat,30
2011-07-24 00:00:00,13008,24,7,2011,Sun,31
2011-07-25 00:00:00,06153,25,7,2011,Mon,31
2011-07-26 00:00:00,88969,26,7,2011,Tue,31
2011-07-27 00:00:00,10678,27,7,2011,Wed,31
2011-07-28 00:00:00,87847,28,7,2011,Thu,31
2011-07-29 00:00:00,24920,29,7,2011,Fri,31
2011-07-30 00:00:00,78865,30,7,2011,Sat,31
2011-07-31 00:00:00,23470,31,7,2011,Sun,32
2011-08-01 00:00:00,03460,1,8,2011,Mon,32
2011-08-02 00:00:00,70547,2,8,2011,Tue,32
2011-08-03 00:00:00,13044,3,8,2011,Wed,32
2011-08-04 00:00:00,75179,4,8,2011,Thu,32
2011-08-05 00:00:00,12856,5,8,2011,Fri,32
2011-08-06 00:00:00,57819,6,8,2011,Sat,32
2011-08-07 00:00:00,68268,7,8,2011,Sun,33
2011-08-08 00:00:00,93381,8,8,2011,Mon,33
2011-08-09 00:00:00,42708,9,8,2011,Tue,33
2011-08-10 00:00:00,98231,10,8,2011,Wed,33
2011-08-11 00:00:00,99050,11,8,2011,Thu,33
2011-08-12 00:00:00,61645,12,8,2011,Fri,33
2011-08-13 00:00:00,46417,13,8,2011,Sat,33
2011-08-14 00:00:00,97555,14,8,2011,Sun,34
2011-08-15 00:00:00,73916,15,8,2011,Mon,34
2011-08-16 00:00:00,33396,16,8,2011,Tue,34
2011-08-17 00:00:00,57249,17,8,2011,Wed,34
2011-08-18 00:00:00,77042,18,8,2011,Thu,34
2011-08-19 00:00:00,88778,19,8,2011,Fri,34
2011-08-20 00:00:00,91549,20,8,2011,Sat,34
2011-08-21 00:00:00,85701,21,8,2011,Sun,35
2011-08-22 00:00:00,88147,22,8,2011,Mon,35
2011-08-23 00:00:00,88018,23,8,2011,Tue,35
2011-08-24 00:00:00,64160,24,8,2011,Wed,35
2011-08-25 00:00:00,1732,25,8,2011,Thu,35
2011-08-26 00:00:00,52457,26,8,2011,Fri,35
2011-08-27 00:00:00,35415,27,8,2011,Sat,35
2011-08-28 00:00:00,84061,28,8,2011,Sun,36
2011-08-29 00:00:00,92718,29,8,2011,Mon,36
2011-08-30 00:00:00,17723,30,8,2011,Tue,36
2011-08-31 00:00:00,35551,31,8,2011,Wed,36
2011-09-01 00:00:00,79501,1,9,2011,Thu,36
2011-09-02 00:00:00,18791,2,9,2011,Fri,36
2011-09-03 00:00:00,03245,3,9,2011,Sat,36
2011-09-04 00:00:00,95771,4,9,2011,Sun,37
2011-09-05 00:00:00,56331,5,9,2011,Mon,37
2011-09-06 00:00:00,82442,6,9,2011,Tue,37
2011-09-07 00:00:00,44111,7,9,2011,Wed,37
2011-09-08 00:00:00,01765,8,9,2011,Thu,37
2011-09-09 00:00:00,02764,9,9,2011,Fri,37
2011-09-10 00:00:00,53422,10,9,2011,Sat,37
2011-09-11 00:00:00,58367,11,9,2011,Sun,38
2011-09-12 00:00:00,60791,12,9,2011,Mon,38
2011-09-13 00:00:00,93810,13,9,2011,Tue,38
2011-09-14 00:00:00,20445,14,9,2011,Wed,38
2011-09-15 00:00:00,79502,15,9,2011,Thu,38
2011-09-16 00:00:00,66834,16,9,2011,Fri,38
2011-09-17 00:00:00,58395,17,9,2011,Sat,38
2011-09-18 00:00:00,58508,18,9,2011,Sun,39
2011-09-19 00:00:00,23485,19,9,2011,Mon,39
2011-09-20 00:00:00,55306,20,9,2011,Tue,39
2011-09-21 00:00:00,51436,21,9,2011,Wed,39
2011-09-22 00:00:00,20453,22,9,2011,Thu,39
2011-09-23 00:00:00,82028,23,9,2011,Fri,39
2011-09-24 00:00:00,37538,24,9,2011,Sat,39
2011-09-25 00:00:00,03583,25,9,2011,Sun,40
2011-09-26 00:00:00,90050,26,9,2011,Mon,40
2011-09-27 00:00:00,37745,27,9,2011,Tue,40
2011-09-28 00:00:00,65621,28,9,2011,Wed,40
2011-09-29 00:00:00,84220,29,9,2011,Thu,40
2011-09-30 00:00:00,02915,30,9,2011,Fri,40
2011-10-01 00:00:00,92944,1,10,2011,Sat,40
2011-10-02 00:00:00,18815,2,10,2011,Sun,41
2011-10-03 00:00:00,38995,3,10,2011,Mon,41
2011-10-04 00:00:00,76998,4,10,2011,Tue,41
2011-10-05 00:00:00,07703,5,10,2011,Wed,41
2011-10-06 00:00:00,44548,6,10,2011,Thu,41
2011-10-07 00:00:00,42382,7,10,2011,Fri,41
2011-10-08 00:00:00,41738,8,10,2011,Sat,41
2011-10-09 00:00:00,06108,9,10,2011,Sun,42
2011-10-10 00:00:00,68159,10,10,2011,Mon,42
2011-10-11 00:00:00,07490,11,10,2011,Tue,42
2011-10-12 00:00:00,25498,12,10,2011,Wed,42
2011-10-13 00:00:00,93156,13,10,2011,Thu,42
2011-10-14 00:00:00,29377,14,10,2011,Fri,42
2011-10-15 00:00:00,58670,15,10,2011,Sat,42
2011-10-16 00:00:00,38536,16,10,2011,Sun,43
2011-10-17 00:00:00,10516,17,10,2011,Mon,43
2011-10-18 00:00:00,56958,18,10,2011,Tue,43
2011-10-19 00:00:00,05218,19,10,2011,Wed,43
2011-10-20 00:00:00,57739,20,10,2011,Thu,43
2011-10-21 00:00:00,21997,21,10,2011,Fri,43
2011-10-22 00:00:00,02660,22,10,2011,Sat,43
2011-10-23 00:00:00,43578,23,10,2011,Sun,44
2011-10-24 00:00:00,95103,24,10,2011,Mon,44
2011-10-25 00:00:00,06252,25,10,2011,Tue,44
2011-10-26 00:00:00,57472,26,10,2011,Wed,44
2011-10-27 00:00:00,85455,27,10,2011,Thu,44
2011-10-28 00:00:00,74331,28,10,2011,Fri,44
2011-10-29 00:00:00,00625,29,10,2011,Sat,44
2011-10-30 00:00:00,82522,30,10,2011,Sun,45
2011-10-31 00:00:00,32311,31,10,2011,Mon,45
2011-11-01 00:00:00,43436,1,11,2011,Tue,45
2011-11-02 00:00:00,22930,2,11,2011,Wed,45
2011-11-03 00:00:00,91412,3,11,2011,Thu,45
2011-11-04 00:00:00,38488,4,11,2011,Fri,45
2011-11-05 00:00:00,97193,5,11,2011,Sat,45
2011-11-06 00:00:00,97202,6,11,2011,Sun,46
2011-11-07 00:00:00,84625,7,11,2011,Mon,46
2011-11-08 00:00:00,15244,8,11,2011,Tue,46
2011-11-09 00:00:00,15356,9,11,2011,Wed,46
2011-11-10 00:00:00,51231,10,11,2011,Thu,46
2011-11-11 00:00:00,58465,11,11,2011,Fri,46
2011-11-12 00:00:00,15566,12,11,2011,Sat,46
2011-11-13 00:00:00,76471,13,11,2011,Sun,47
2011-11-14 00:00:00,60870,14,11,2011,Mon,47
2011-11-15 00:00:00,71910,15,11,2011,Tue,47
2011-11-16 00:00:00,99530,16,11,2011,Wed,47
2011-11-17 00:00:00,48308,17,11,2011,Thu,47
2011-11-18 00:00:00,48723,18,11,2011,Fri,47
2011-11-19 00:00:00,95320,19,11,2011,Sat,47
2011-11-20 00:00:00,64161,20,11,2011,Sun,48
2011-11-21 00:00:00,71734,21,11,2011,Mon,48
2011-11-22 00:00:00,71758,22,11,2011,Tue,48
2011-11-23 00:00:00,90963,23,11,2011,Wed,48
2011-11-24 00:00:00,13625,24,11,2011,Thu,48
2011-11-25 00:00:00,85581,25,11,2011,Fri,48
2011-11-26 00:00:00,90746,26,11,2011,Sat,48
2011-11-27 00:00:00,87916,27,11,2011,Sun,49
2011-11-28 00:00:00,28758,28,11,2011,Mon,49
2011-11-29 00:00:00,09486,29,11,2011,Tue,49
2011-11-30 00:00:00,80517,30,11,2011,Wed,49
2011-12-01 00:00:00,60176,1,12,2011,Thu,49
2011-12-02 00:00:00,12571,2,12,2011,Fri,49
2011-12-03 00:00:00,76296,3,12,2011,Sat,49
2011-12-04 00:00:00,09445,4,12,2011,Sun,50
2011-12-05 00:00:00,35658,5,12,2011,Mon,50
2011-12-06 00:00:00,60347,6,12,2011,Tue,50
2011-12-07 00:00:00,57757,7,12,2011,Wed,50
2011-12-08 00:00:00,37776,8,12,2011,Thu,50
2011-12-09 00:00:00,87171,9,12,2011,Fri,50
2011-12-10 00:00:00,13999,10,12,2011,Sat,50
2011-12-11 00:00:00,22247,11,12,2011,Sun,51
2011-12-12 00:00:00,08241,12,12,2011,Mon,51
2011-12-13 00:00:00,42222,13,12,2011,Tue,51
2011-12-14 00:00:00,00043,14,12,2011,Wed,51
2011-12-15 00:00:00,59203,15,12,2011,Thu,51
2011-12-16 00:00:00,93341,16,12,2011,Fri,51
2011-12-17 00:00:00,88007,17,12,2011,Sat,51
2011-12-18 00:00:00,52176,18,12,2011,Sun,52
2011-12-19 00:00:00,41051,19,12,2011,Mon,52
2011-12-20 00:00:00,84047,20,12,2011,Tue,52
2011-12-21 00:00:00,45799,21,12,2011,Wed,52
2011-12-22 00:00:00,88077,22,12,2011,Thu,52
2011-12-23 00:00:00,67422,23,12,2011,Fri,52
2011-12-24 00:00:00,37677,24,12,2011,Sat,52
2011-12-25 00:00:00,1329,25,12,2011,Sun,53
2011-12-26 00:00:00,0596,26,12,2011,Mon,53
2011-12-27 00:00:00,49773,27,12,2011,Tue,53
2011-12-28 00:00:00,16910,28,12,2011,Wed,53
2011-12-29 00:00:00,03678,29,12,2011,Thu,53
2011-12-30 00:00:00,91304,30,12,2011,Fri,53
2011-12-31 00:00:00,61023,31,12,2011,Sat,53
2012-12-31 00:00:00,16302,31,12,2012,Mon,53
2012-01-01 00:00:00,91180,1,1,2012,Sun,1
2012-01-02 00:00:00,26817,2,1,2012,Mon,1
2012-01-03 00:00:00,80782,3,1,2012,Tue,1
2012-01-04 00:00:00,59108,4,1,2012,Wed,1
2012-01-05 00:00:00,83963,5,1,2012,Thu,1
2012-01-06 00:00:00,00208,6,1,2012,Fri,1
2012-01-07 00:00:00,26422,7,1,2012,Sat,1
2012-01-08 00:00:00,75159,8,1,2012,Sun,2
2012-01-09 00:00:00,50619,9,1,2012,Mon,2
2012-01-10 00:00:00,45149,10,1,2012,Tue,2
2012-01-11 00:00:00,23102,11,1,2012,Wed,2
2012-01-12 00:00:00,66558,12,1,2012,Thu,2
2012-01-13 00:00:00,30114,13,1,2012,Fri,2
2012-01-14 00:00:00,73793,14,1,2012,Sat,2
2012-01-15 00:00:00,35066,15,1,2012,Sun,3
2012-01-16 00:00:00,88628,16,1,2012,Mon,3
2012-01-17 00:00:00,87647,17,1,2012,Tue,3
2012-01-18 00:00:00,45514,18,1,2012,Wed,3
2012-01-19 00:00:00,26840,19,1,2012,Thu,3
2012-01-20 00:00:00,00200,20,1,2012,Fri,3
2012-01-21 00:00:00,99724,21,1,2012,Sat,3
2012-01-22 00:00:00,66711,22,1,2012,Sun,4
2012-01-23 00:00:00,07175,23,1,2012,Mon,4
2012-01-24 00:00:00,21565,24,1,2012,Tue,4
2012-01-25 00:00:00,14506,25,1,2012,Wed,4
2012-01-26 00:00:00,80998,26,1,2012,Thu,4
2012-01-27 00:00:00,38876,27,1,2012,Fri,4
2012-01-28 00:00:00,09241,28,1,2012,Sat,4
2012-01-29 00:00:00,63056,29,1,2012,Sun,5
2012-01-30 00:00:00,65922,30,1,2012,Mon,5
2012-01-31 00:00:00,38634,31,1,2012,Tue,5
2012-02-01 00:00:00,21594,1,2,2012,Wed,5
2012-02-02 00:00:00,91938,2,2,2012,Thu,5
2012-02-03 00:00:00,65047,3,2,2012,Fri,5
2012-02-04 00:00:00,20207,4,2,2012,Sat,5
2012-02-05 00:00:00,87943,5,2,2012,Sun,6
2012-02-06 00:00:00,22840,6,2,2012,Mon,6
2012-02-07 00:00:00,61564,7,2,2012,Tue,6
2012-02-08 00:00:00,40566,8,2,2012,Wed,6
2012-02-09 00:00:00,97123,9,2,2012,Thu,6
2012-02-10 00:00:00,50525,10,2,2012,Fri,6
2012-02-11 00:00:00,66739,11,2,2012,Sat,6
2012-02-12 00:00:00,19827,12,2,2012,Sun,7
2012-02-13 00:00:00,35688,13,2,2012,Mon,7
2012-02-14 00:00:00,65931,14,2,2012,Tue,7
2012-02-15 00:00:00,82838,15,2,2012,Wed,7
2012-02-16 00:00:00,93452,16,2,2012,Thu,7
2012-02-17 00:00:00,53997,17,2,2012,Fri,7
2012-02-18 00:00:00,96889,18,2,2012,Sat,7
2012-02-19 00:00:00,48960,19,2,2012,Sun,8
2012-02-20 00:00:00,75424,20,2,2012,Mon,8
2012-02-21 00:00:00,05421,21,2,2012,Tue,8
2012-02-22 00:00:00,18742,22,2,2012,Wed,8
2012-02-23 00:00:00,07274,23,2,2012,Thu,8
2012-02-24 00:00:00,92934,24,2,2012,Fri,8
2012-02-25 00:00:00,44319,25,2,2012,Sat,8
2012-02-26 00:00:00,46394,26,2,2012,Sun,9
2012-02-27 00:00:00,84946,27,2,2012,Mon,9
2012-02-28 00:00:00,01704,28,2,2012,Tue,9
2012-02-29 00:00:00,01704,29,2,2012,Wed,9
2012-03-01 00:00:00,19114,1,3,2012,Thu,9
2012-03-02 00:00:00,29986,2,3,2012,Fri,9
2012-03-03 00:00:00,79320,3,3,2012,Sat,9
2012-03-04 00:00:00,53787,4,3,2012,Sun,10
2012-03-05 00:00:00,89148,5,3,2012,Mon,10
2012-03-06 00:00:00,56019,6,3,2012,Tue,10
2012-03-07 00:00:00,17567,7,3,2012,Wed,10
2012-03-08 00:00:00,32090,8,3,2012,Thu,10
2012-03-09 00:00:00,77344,9,3,2012,Fri,10
2012-03-10 00:00:00,99845,10,3,2012,Sat,10
2012-03-11 00:00:00,47450,11,3,2012,Sun,11
2012-03-12 00:00:00,57851,12,3,2012,Mon,11
2012-03-13 00:00:00,41181,13,3,2012,Tue,11
2012-03-14 00:00:00,64734,14,3,2012,Wed,11
2012-03-15 00:00:00,41065,15,3,2012,Thu,11
2012-03-16 00:00:00,06299,16,3,2012,Fri,11
2012-03-17 00:00:00,19778,17,3,2012,Sat,11
2012-03-18 00:00:00,18239,18,3,2012,Sun,12
2012-03-19 00:00:00,74157,19,3,2012,Mon,12
2012-03-20 00:00:00,07513,20,3,2012,Tue,12
2012-03-21 00:00:00,56972,21,3,2012,Wed,12
2012-03-22 00:00:00,08602,22,3,2012,Thu,12
2012-03-23 00:00:00,30673,23,3,2012,Fri,12
2012-03-24 00:00:00,38261,24,3,2012,Sat,12
2012-03-25 00:00:00,14625,25,3,2012,Sun,13
2012-03-26 00:00:00,67488,26,3,2012,Mon,13
2012-03-27 00:00:00,53766,27,3,2012,Tue,13
2012-03-28 00:00:00,30721,28,3,2012,Wed,13
2012-03-29 00:00:00,41727,29,3,2012,Thu,13
2012-03-30 00:00:00,06751,30,3,2012,Fri,13
2012-03-31 00:00:00,0549,31,3,2012,Sat,13
2012-04-01 00:00:00,57606,1,4,2012,Sun,14
2012-04-02 00:00:00,23090,2,4,2012,Mon,14
2012-04-03 00:00:00,37827,3,4,2012,Tue,14
2012-04-04 00:00:00,72652,4,4,2012,Wed,14
2012-04-05 00:00:00,44511,5,4,2012,Thu,14
2012-04-06 00:00:00,02665,6,4,2012,Fri,14
2012-04-07 00:00:00,06466,7,4,2012,Sat,14
2012-04-08 00:00:00,75575,8,4,2012,Sun,15
2012-04-09 00:00:00,66585,9,4,2012,Mon,15
2012-04-10 00:00:00,15312,10,4,2012,Tue,15
2012-04-11 00:00:00,04970,11,4,2012,Wed,15
2012-04-12 00:00:00,88751,12,4,2012,Thu,15
2012-04-13 00:00:00,44915,13,4,2012,Fri,15
2012-04-14 00:00:00,51464,14,4,2012,Sat,15
2012-04-15 00:00:00,62511,15,4,2012,Sun,16
2012-04-16 00:00:00,47958,16,4,2012,Mon,16
2012-04-17 00:00:00,71448,17,4,2012,Tue,16
2012-04-18 00:00:00,37859,18,4,2012,Wed,16
2012-04-19 00:00:00,19326,19,4,2012,Thu,16
2012-04-20 00:00:00,31161,20,4,2012,Fri,16
2012-04-21 00:00:00,79799,21,4,2012,Sat,16
2012-04-22 00:00:00,86608,22,4,2012,Sun,17
2012-04-23 00:00:00,11290,23,4,2012,Mon,17
2012-04-24 00:00:00,09308,24,4,2012,Tue,17
2012-04-25 00:00:00,39509,25,4,2012,Wed,17
2012-04-26 00:00:00,36013,26,4,2012,Thu,17
2012-04-27 00:00:00,01808,27,4,2012,Fri,17
2012-04-28 00:00:00,00005,28,4,2012,Sat,17
2012-04-29 00:00:00,18695,29,4,2012,Sun,18
2012-04-30 00:00:00,58034,30,4,2012,Mon,18
2012-05-01 00:00:00,52968,1,5,2012,Tue,18
2012-05-02 00:00:00,34756,2,5,2012,Wed,18
2012-05-03 00:00:00,99596,3,5,2012,Thu,18
2012-05-04 00:00:00,52784,4,5,2012,Fri,18
2012-05-05 00:00:00,1845,5,5,2012,Sat,18
2012-05-06 00:00:00,72616,6,5,2012,Sun,19
2012-05-07 00:00:00,46823,7,5,2012,Mon,19
2012-05-08 00:00:00,09805,8,5,2012,Tue,19
2012-05-09 00:00:00,65310,9,5,2012,Wed,19
2012-05-10 00:00:00,77742,10,5,2012,Thu,19
2012-05-11 00:00:00,37896,11,5,2012,Fri,19
2012-05-12 00:00:00,14733,12,5,2012,Sat,19
2012-05-13 00:00:00,33276,13,5,2012,Sun,20
2012-05-14 00:00:00,50537,14,5,2012,Mon,20
2012-05-15 00:00:00,54543,15,5,2012,Tue,20
2012-05-16 00:00:00,31882,16,5,2012,Wed,20
2012-05-17 00:00:00,46022,17,5,2012,Thu,20
2012-05-18 00:00:00,31930,18,5,2012,Fri,20
2012-05-19 00:00:00,05553,19,5,2012,Sat,20
2012-05-20 00:00:00,65889,20,5,2012,Sun,21
2012-05-21 00:00:00,92514,21,5,2012,Mon,21
2012-05-22 00:00:00,47558,22,5,2012,Tue,21
2012-05-23 00:00:00,59537,23,5,2012,Wed,21
2012-05-24 00:00:00,71665,24,5,2012,Thu,21
2012-05-25 00:00:00,35724,25,5,2012,Fri,21
2012-05-26 00:00:00,1653,26,5,2012,Sat,21
2012-05-27 00:00:00,00464,27,5,2012,Sun,22
2012-05-28 00:00:00,39827,28,5,2012,Mon,22
2012-05-29 00:00:00,91385,29,5,2012,Tue,22
2012-05-30 00:00:00,42159,30,5,2012,Wed,22
2012-05-31 00:00:00,47895,31,5,2012,Thu,22
2012-06-01 00:00:00,22544,1,6,2012,Fri,22
2012-06-02 00:00:00,80025,2,6,2012,Sat,22
2012-06-03 00:00:00,50432,3,6,2012,Sun,23
2012-06-04 00:00:00,44116,4,6,2012,Mon,23
2012-06-05 00:00:00,49216,5,6,2012,Tue,23
2012-06-06 00:00:00,19291,6,6,2012,Wed,23
2012-06-07 00:00:00,00321,7,6,2012,Thu,23
2012-06-08 00:00:00,91125,8,6,2012,Fri,23
2012-06-09 00:00:00,67438,9,6,2012,Sat,23
2012-06-10 00:00:00,51404,10,6,2012,Sun,24
2012-06-11 00:00:00,90135,11,6,2012,Mon,24
2012-06-12 00:00:00,02851,12,6,2012,Tue,24
2012-06-13 00:00:00,76550,13,6,2012,Wed,24
2012-06-14 00:00:00,11243,14,6,2012,Thu,24
2012-06-15 00:00:00,86606,15,6,2012,Fri,24
2012-06-16 00:00:00,54554,16,6,2012,Sat,24
2012-06-17 00:00:00,05256,17,6,2012,Sun,25
2012-06-18 00:00:00,15976,18,6,2012,Mon,25
2012-06-19 00:00:00,54521,19,6,2012,Tue,25
2012-06-20 00:00:00,48917,20,6,2012,Wed,25
2012-06-21 00:00:00,36389,21,6,2012,Thu,25
2012-06-22 00:00:00,54256,22,6,2012,Fri,25
2012-06-23 00:00:00,22861,23,6,2012,Sat,25
2012-06-24 00:00:00,45131,24,6,2012,Sun,26
2012-06-25 00:00:00,85223,25,6,2012,Mon,26
2012-06-26 00:00:00,13399,26,6,2012,Tue,26
2012-06-27 00:00:00,50497,27,6,2012,Wed,26
2012-06-28 00:00:00,51477,28,6,2012,Thu,26
2012-06-29 00:00:00,68966,29,6,2012,Fri,26
2012-06-30 00:00:00,20142,30,6,2012,Sat,26
2012-07-01 00:00:00,46857,1,7,2012,Sun,27
2012-07-02 00:00:00,23592,2,7,2012,Mon,27
2012-07-03 00:00:00,50619,3,7,2012,Tue,27
2012-07-04 00:00:00,28415,4,7,2012,Wed,27
2012-07-05 00:00:00,77029,5,7,2012,Thu,27
2012-07-06 00:00:00,31721,6,7,2012,Fri,27
2012-07-07 00:00:00,5766,7,7,2012,Sat,27
2012-07-08 00:00:00,40501,8,7,2012,Sun,28
2012-07-09 00:00:00,82761,9,7,2012,Mon,28
2012-07-10 00:00:00,02515,10,7,2012,Tue,28
2012-07-11 00:00:00,59925,11,7,2012,Wed,28
2012-07-12 00:00:00,21646,12,7,2012,Thu,28
2012-07-13 00:00:00,53950,13,7,2012,Fri,28
2012-07-14 00:00:00,12607,14,7,2012,Sat,28
2012-07-15 00:00:00,38128,15,7,2012,Sun,29
2012-07-16 00:00:00,85559,16,7,2012,Mon,29
2012-07-17 00:00:00,37282,17,7,2012,Tue,29
2012-07-18 00:00:00,84700,18,7,2012,Wed,29
2012-07-19 00:00:00,62314,19,7,2012,Thu,29
2012-07-20 00:00:00,60233,20,7,2012,Fri,29
2012-07-21 00:00:00,19636,21,7,2012,Sat,29
2012-07-22 00:00:00,20174,22,7,2012,Sun,30
2012-07-23 00:00:00,43085,23,7,2012,Mon,30
2012-07-24 00:00:00,13008,24,7,2012,Tue,30
2012-07-25 00:00:00,06153,25,7,2012,Wed,30
2012-07-26 00:00:00,88969,26,7,2012,Thu,30
2012-07-27 00:00:00,10678,27,7,2012,Fri,30
2012-07-28 00:00:00,87847,28,7,2012,Sat,30
2012-07-29 00:00:00,24920,29,7,2012,Sun,31
2012-07-30 00:00:00,78865,30,7,2012,Mon,31
2012-07-31 00:00:00,23470,31,7,2012,Tue,31
2012-08-01 00:00:00,03460,1,8,2012,Wed,31
2012-08-02 00:00:00,70547,2,8,2012,Thu,31
2012-08-03 00:00:00,13044,3,8,2012,Fri,31
2012-08-04 00:00:00,75179,4,8,2012,Sat,31
2012-08-05 00:00:00,12856,5,8,2012,Sun,32
2012-08-06 00:00:00,57819,6,8,2012,Mon,32
2012-08-07 00:00:00,48268,7,8,2012,Tue,32
2012-08-08 00:00:00,63381,8,8,2012,Wed,32
2012-08-09 00:00:00,42708,9,8,2012,Thu,32
2012-08-10 00:00:00,38266,10,8,2012,Fri,32
2012-08-11 00:00:00,19050,11,8,2012,Sat,32
2012-08-12 00:00:00,61645,12,8,2012,Sun,33
2012-08-13 00:00:00,86417,13,8,2012,Mon,33
2012-08-14 00:00:00,37555,14,8,2012,Tue,33
2012-08-15 00:00:00,53915,15,8,2012,Wed,33
2012-08-16 00:00:00,43396,16,8,2012,Thu,33
2012-08-17 00:00:00,57249,17,8,2012,Fri,33
2012-08-18 00:00:00,77042,18,8,2012,Sat,33
2012-08-19 00:00:00,88778,19,8,2012,Sun,34
2012-08-20 00:00:00,91549,20,8,2012,Mon,34
2012-08-21 00:00:00,85701,21,8,2012,Tue,34
2012-08-22 00:00:00,88147,22,8,2012,Wed,34
2012-08-23 00:00:00,88018,23,8,2012,Thu,34
2012-08-24 00:00:00,64160,24,8,2012,Fri,34
2012-08-25 00:00:00,1732,25,8,2012,Sat,34
2012-08-26 00:00:00,52457,26,8,2012,Sun,35
2012-08-27 00:00:00,35415,27,8,2012,Mon,35
2012-08-28 00:00:00,84061,28,8,2012,Tue,35
2012-08-29 00:00:00,92718,29,8,2012,Wed,35
2012-08-30 00:00:00,17723,30,8,2012,Thu,35
2012-08-31 00:00:00,35551,31,8,2012,Fri,35
2012-09-01 00:00:00,79501,1,9,2012,Sat,35
2012-09-02 00:00:00,18791,2,9,2012,Sun,36
2012-09-03 00:00:00,03245,3,9,2012,Mon,36
2012-09-04 00:00:00,95771,4,9,2012,Tue,36
2012-09-05 00:00:00,56331,5,9,2012,Wed,36
2012-09-06 00:00:00,82442,6,9,2012,Thu,36
2012-09-07 00:00:00,44111,7,9,2012,Fri,36
2012-09-08 00:00:00,01765,8,9,2012,Sat,36
2012-09-09 00:00:00,02764,9,9,2012,Sun,37
2012-09-10 00:00:00,53422,10,9,2012,Mon,37
2012-09-11 00:00:00,58367,11,9,2012,Tue,37
2012-09-12 00:00:00,60791,12,9,2012,Wed,37
2012-09-13 00:00:00,93810,13,9,2012,Thu,37
2012-09-14 00:00:00,20445,14,9,2012,Fri,37
2012-09-15 00:00:00,79502,15,9,2012,Sat,37
2012-09-16 00:00:00,66834,16,9,2012,Sun,38
2012-09-17 00:00:00,58395,17,9,2012,Mon,38
2012-09-18 00:00:00,58508,18,9,2012,Tue,38
2012-09-19 00:00:00,23485,19,9,2012,Wed,38
2012-09-20 00:00:00,55306,20,9,2012,Thu,38
2012-09-21 00:00:00,51436,21,9,2012,Fri,38
2012-09-22 00:00:00,20453,22,9,2012,Sat,38
2012-09-23 00:00:00,82028,23,9,2012,Sun,39
2012-09-24 00:00:00,37538,24,9,2012,Mon,39
2012-09-25 00:00:00,03583,25,9,2012,Tue,39
2012-09-26 00:00:00,90050,26,9,2012,Wed,39
2012-09-27 00:00:00,37745,27,9,2012,Thu,39
2012-09-28 00:00:00,65621,28,9,2012,Fri,39
2012-09-29 00:00:00,84220,29,9,2012,Sat,39
2012-09-30 00:00:00,02915,30,9,2012,Sun,40
2012-10-01 00:00:00,92944,1,10,2012,Mon,40
2012-10-02 00:00:00,18815,2,10,2012,Tue,40
2012-10-03 00:00:00,38995,3,10,2012,Wed,40
2012-10-04 00:00:00,76998,4,10,2012,Thu,40
2012-10-05 00:00:00,07703,5,10,2012,Fri,40
2012-10-06 00:00:00,44548,6,10,2012,Sat,40
2012-10-07 00:00:00,42382,7,10,2012,Sun,41
2012-10-08 00:00:00,41738,8,10,2012,Mon,41
2012-10-09 00:00:00,06108,9,10,2012,Tue,41
2012-10-10 00:00:00,68159,10,10,2012,Wed,41
2012-10-11 00:00:00,07490,11,10,2012,Thu,41
2012-10-12 00:00:00,25498,12,10,2012,Fri,41
2012-10-13 00:00:00,93156,13,10,2012,Sat,41
2012-10-14 00:00:00,29377,14,10,2012,Sun,42
2012-10-15 00:00:00,58670,15,10,2012,Mon,42
2012-10-16 00:00:00,38536,16,10,2012,Tue,42
2012-10-17 00:00:00,10516,17,10,2012,Wed,42
2012-10-18 00:00:00,56958,18,10,2012,Thu,42
2012-10-19 00:00:00,05218,19,10,2012,Fri,42
2012-10-20 00:00:00,57739,20,10,2012,Sat,42
2012-10-21 00:00:00,21997,21,10,2012,Sun,43
2012-10-22 00:00:00,02660,22,10,2012,Mon,43
2012-10-23 00:00:00,43578,23,10,2012,Tue,43
2012-10-24 00:00:00,95103,24,10,2012,Wed,43
2012-10-25 00:00:00,06252,25,10,2012,Thu,43
2012-10-26 00:00:00,57472,26,10,2012,Fri,43
2012-10-27 00:00:00,85455,27,10,2012,Sat,43
2012-10-28 00:00:00,74331,28,10,2012,Sun,44
2012-10-29 00:00:00,00625,29,10,2012,Mon,44
2012-10-30 00:00:00,82522,30,10,2012,Tue,44
2012-10-31 00:00:00,32311,31,10,2012,Wed,44
2012-11-01 00:00:00,43436,1,11,2012,Thu,44
2012-11-02 00:00:00,22930,2,11,2012,Fri,44
2012-11-03 00:00:00,91412,3,11,2012,Sat,44
2012-11-04 00:00:00,38488,4,11,2012,Sun,45
2012-11-05 00:00:00,97193,5,11,2012,Mon,45
2012-11-06 00:00:00,97202,6,11,2012,Tue,45
2012-11-07 00:00:00,84625,7,11,2012,Wed,45
2012-11-08 00:00:00,15244,8,11,2012,Thu,45
2012-11-09 00:00:00,15356,9,11,2012,Fri,45
2012-11-10 00:00:00,51231,10,11,2012,Sat,45
2012-11-11 00:00:00,58465,11,11,2012,Sun,46
2012-11-12 00:00:00,15566,12,11,2012,Mon,46
2012-11-13 00:00:00,76471,13,11,2012,Tue,46
2012-11-14 00:00:00,60870,14,11,2012,Wed,46
2012-11-15 00:00:00,71910,15,11,2012,Thu,46
2012-11-16 00:00:00,99530,16,11,2012,Fri,46
2012-11-17 00:00:00,48308,17,11,2012,Sat,46
2012-11-18 00:00:00,48723,18,11,2012,Sun,47
2012-11-19 00:00:00,95320,19,11,2012,Mon,47
2012-11-20 00:00:00,64161,20,11,2012,Tue,47
2012-11-21 00:00:00,71734,21,11,2012,Wed,47
2012-11-22 00:00:00,71758,22,11,2012,Thu,47
2012-11-23 00:00:00,90963,23,11,2012,Fri,47
2012-11-24 00:00:00,13625,24,11,2012,Sat,47
2012-11-25 00:00:00,85581,25,11,2012,Sun,48
2012-11-26 00:00:00,90746,26,11,2012,Mon,48
2012-11-27 00:00:00,87916,27,11,2012,Tue,48
2012-11-28 00:00:00,28758,28,11,2012,Wed,48
2012-11-29 00:00:00,09486,29,11,2012,Thu,48
2012-11-30 00:00:00,80517,30,11,2012,Fri,48
2012-12-01 00:00:00,60176,1,12,2012,Sat,48
2012-12-02 00:00:00,12571,2,12,2012,Sun,49
2012-12-03 00:00:00,76296,3,12,2012,Mon,49
2012-12-04 00:00:00,09445,4,12,2012,Tue,49
2012-12-05 00:00:00,35658,5,12,2012,Wed,49
2012-12-06 00:00:00,60347,6,12,2012,Thu,49
2012-12-07 00:00:00,57757,7,12,2012,Fri,49
2012-12-08 00:00:00,37776,8,12,2012,Sat,49
2012-12-09 00:00:00,87171,9,12,2012,Sun,50
2012-12-10 00:00:00,13999,10,12,2012,Mon,50
2012-12-11 00:00:00,22247,11,12,2012,Tue,50
2012-12-12 00:00:00,08241,12,12,2012,Wed,50
2012-12-13 00:00:00,42222,13,12,2012,Thu,50
2012-12-14 00:00:00,00043,14,12,2012,Fri,50
2012-12-15 00:00:00,59203,15,12,2012,Sat,50
2012-12-16 00:00:00,93341,16,12,2012,Sun,51
2012-12-17 00:00:00,88007,17,12,2012,Mon,51
2012-12-18 00:00:00,52176,18,12,2012,Tue,51
2012-12-19 00:00:00,41051,19,12,2012,Wed,51
2012-12-20 00:00:00,84047,20,12,2012,Thu,51
2012-12-21 00:00:00,45799,21,12,2012,Fri,51
2012-12-22 00:00:00,88077,22,12,2012,Sat,51
2012-12-23 00:00:00,67422,23,12,2012,Sun,52
2012-12-24 00:00:00,37677,24,12,2012,Mon,52
2012-12-25 00:00:00,1329,25,12,2012,Tue,52
2012-12-26 00:00:00,0596,26,12,2012,Wed,52
2012-12-27 00:00:00,49773,27,12,2012,Thu,52
2012-12-28 00:00:00,16910,28,12,2012,Fri,52
2012-12-29 00:00:00,03678,29,12,2012,Sat,52
2012-12-30 00:00:00,91304,30,12,2012,Sun,53
2012-12-31 00:00:00,61023,31,12,2012,Mon,53
2012-12-31 00:00:00,16302,31,12,2012,Mon,53
2013-01-01 00:00:00,91180,1,1,2013,Tue,1
2013-01-02 00:00:00,26817,2,1,2013,Wed,1
2013-01-03 00:00:00,80782,3,1,2013,Thu,1
2013-01-04 00:00:00,59108,4,1,2013,Fri,1
2013-01-05 00:00:00,83963,5,1,2013,Sat,1
2013-01-06 00:00:00,00208,6,1,2013,Sun,2
2013-01-07 00:00:00,26422,7,1,2013,Mon,2
2013-01-08 00:00:00,75159,8,1,2013,Tue,2
2013-01-09 00:00:00,50619,9,1,2013,Wed,2
2013-01-10 00:00:00,45149,10,1,2013,Thu,2
2013-01-11 00:00:00,23102,11,1,2013,Fri,2
2013-01-12 00:00:00,66558,12,1,2013,Sat,2
2013-01-13 00:00:00,30114,13,1,2013,Sun,3
2013-01-14 00:00:00,73793,14,1,2013,Mon,3
2013-01-15 00:00:00,35066,15,1,2013,Tue,3
2013-01-16 00:00:00,88628,16,1,2013,Wed,3
2013-01-17 00:00:00,87647,17,1,2013,Thu,3
2013-01-18 00:00:00,45514,18,1,2013,Fri,3
2013-01-19 00:00:00,26840,19,1,2013,Sat,3
2013-01-20 00:00:00,00200,20,1,2013,Sun,4
2013-01-21 00:00:00,99724,21,1,2013,Mon,4
2013-01-22 00:00:00,66711,22,1,2013,Tue,4
2013-01-23 00:00:00,07175,23,1,2013,Wed,4
2013-01-24 00:00:00,21565,24,1,2013,Thu,4
2013-01-25 00:00:00,14506,25,1,2013,Fri,4
2013-01-26 00:00:00,80998,26,1,2013,Sat,4
2013-01-27 00:00:00,38876,27,1,2013,Sun,5
2013-01-28 00:00:00,09241,28,1,2013,Mon,5
2013-01-29 00:00:00,63056,29,1,2013,Tue,5
2013-01-30 00:00:00,65922,30,1,2013,Wed,5
2013-01-31 00:00:00,38634,31,1,2013,Thu,5
2013-02-01 00:00:00,21594,1,2,2013,Fri,5
2013-02-02 00:00:00,91938,2,2,2013,Sat,5
2013-02-03 00:00:00,65047,3,2,2013,Sun,6
2013-02-04 00:00:00,20207,4,2,2013,Mon,6
2013-02-05 00:00:00,87943,5,2,2013,Tue,6
2013-02-06 00:00:00,22840,6,2,2013,Wed,6
2013-02-07 00:00:00,61564,7,2,2013,Thu,6
2013-02-08 00:00:00,40566,8,2,2013,Fri,6
2013-02-09 00:00:00,97123,9,2,2013,Sat,6
2013-02-10 00:00:00,50525,10,2,2013,Sun,7
2013-02-11 00:00:00,66739,11,2,2013,Mon,7
2013-02-12 00:00:00,19827,12,2,2013,Tue,7
2013-02-13 00:00:00,35688,13,2,2013,Wed,7
2013-02-14 00:00:00,65931,14,2,2013,Thu,7
2013-02-15 00:00:00,82838,15,2,2013,Fri,7
2013-02-16 00:00:00,93452,16,2,2013,Sat,7
2013-02-17 00:00:00,53997,17,2,2013,Sun,8
2013-02-18 00:00:00,96889,18,2,2013,Mon,8
2013-02-19 00:00:00,48960,19,2,2013,Tue,8
2013-02-20 00:00:00,75424,20,2,2013,Wed,8
2013-02-21 00:00:00,05421,21,2,2013,Thu,8
2013-02-22 00:00:00,18742,22,2,2013,Fri,8
2013-02-23 00:00:00,07274,23,2,2013,Sat,8
2013-02-24 00:00:00,92934,24,2,2013,Sun,9
2013-02-25 00:00:00,44319,25,2,2013,Mon,9
2013-02-26 00:00:00,46394,26,2,2013,Tue,9
2013-02-27 00:00:00,84946,27,2,2013,Wed,9
2013-02-28 00:00:00,01704,28,2,2013,Thu,9
2013-03-01 00:00:00,19114,1,3,2013,Fri,9
2013-03-02 00:00:00,29986,2,3,2013,Sat,9
2013-03-03 00:00:00,79320,3,3,2013,Sun,10
2013-03-04 00:00:00,53787,4,3,2013,Mon,10
2013-03-05 00:00:00,89148,5,3,2013,Tue,10
2013-03-06 00:00:00,56019,6,3,2013,Wed,10
2013-03-07 00:00:00,17567,7,3,2013,Thu,10
2013-03-08 00:00:00,32090,8,3,2013,Fri,10
2013-03-09 00:00:00,77344,9,3,2013,Sat,10
2013-03-10 00:00:00,99845,10,3,2013,Sun,11
2013-03-11 00:00:00,47450,11,3,2013,Mon,11
2013-03-12 00:00:00,57851,12,3,2013,Tue,11
2013-03-13 00:00:00,41181,13,3,2013,Wed,11
2013-03-14 00:00:00,64734,14,3,2013,Thu,11
2013-03-15 00:00:00,41065,15,3,2013,Fri,11
2013-03-16 00:00:00,06299,16,3,2013,Sat,11
2013-03-17 00:00:00,19778,17,3,2013,Sun,12
2013-03-18 00:00:00,18239,18,3,2013,Mon,12
2013-03-19 00:00:00,74157,19,3,2013,Tue,12
2013-03-20 00:00:00,07513,20,3,2013,Wed,12
2013-03-21 00:00:00,56972,21,3,2013,Thu,12
2013-03-22 00:00:00,08602,22,3,2013,Fri,12
2013-03-23 00:00:00,30673,23,3,2013,Sat,12
2013-03-24 00:00:00,38261,24,3,2013,Sun,13
2013-03-25 00:00:00,14625,25,3,2013,Mon,13
2013-03-26 00:00:00,67488,26,3,2013,Tue,13
2013-03-27 00:00:00,53766,27,3,2013,Wed,13
2013-03-28 00:00:00,30721,28,3,2013,Thu,13
2013-03-29 00:00:00,41727,29,3,2013,Fri,13
2013-03-30 00:00:00,06751,30,3,2013,Sat,13
2013-03-31 00:00:00,0549,31,3,2013,Sun,14
2013-04-01 00:00:00,57606,1,4,2013,Mon,14
2013-04-02 00:00:00,23090,2,4,2013,Tue,14
2013-04-03 00:00:00,37827,3,4,2013,Wed,14
2013-04-04 00:00:00,72652,4,4,2013,Thu,14
2013-04-05 00:00:00,44511,5,4,2013,Fri,14
2013-04-06 00:00:00,02665,6,4,2013,Sat,14
2013-04-07 00:00:00,06466,7,4,2013,Sun,15
2013-04-08 00:00:00,75575,8,4,2013,Mon,15
2013-04-09 00:00:00,66585,9,4,2013,Tue,15
2013-04-10 00:00:00,15312,10,4,2013,Wed,15
2013-04-11 00:00:00,04970,11,4,2013,Thu,15
2013-04-12 00:00:00,88751,12,4,2013,Fri,15
2013-04-13 00:00:00,44915,13,4,2013,Sat,15
2013-04-14 00:00:00,51464,14,4,2013,Sun,16
2013-04-15 00:00:00,62511,15,4,2013,Mon,16
2013-04-16 00:00:00,47958,16,4,2013,Tue,16
2013-04-17 00:00:00,71448,17,4,2013,Wed,16
2013-04-18 00:00:00,37859,18,4,2013,Thu,16
2013-04-19 00:00:00,19326,19,4,2013,Fri,16
2013-04-20 00:00:00,31161,20,4,2013,Sat,16
2013-04-21 00:00:00,79799,21,4,2013,Sun,17
2013-04-22 00:00:00,86608,22,4,2013,Mon,17
2013-04-23 00:00:00,11290,23,4,2013,Tue,17
2013-04-24 00:00:00,09308,24,4,2013,Wed,17
2013-04-25 00:00:00,39509,25,4,2013,Thu,17
2013-04-26 00:00:00,36013,26,4,2013,Fri,17
2013-04-27 00:00:00,01808,27,4,2013,Sat,17
2013-04-28 00:00:00,00005,28,4,2013,Sun,18
2013-04-29 00:00:00,18695,29,4,2013,Mon,18
2013-04-30 00:00:00,58034,30,4,2013,Tue,18
2013-05-01 00:00:00,52968,1,5,2013,Wed,18
2013-05-02 00:00:00,34756,2,5,2013,Thu,18
2013-05-03 00:00:00,99596,3,5,2013,Fri,18
2013-05-04 00:00:00,52784,4,5,2013,Sat,18
2013-05-05 00:00:00,1845,5,5,2013,Sun,19
2013-05-06 00:00:00,72616,6,5,2013,Mon,19
2013-05-07 00:00:00,46823,7,5,2013,Tue,19
2013-05-08 00:00:00,09805,8,5,2013,Wed,19
2013-05-09 00:00:00,65310,9,5,2013,Thu,19
2013-05-10 00:00:00,77742,10,5,2013,Fri,19
2013-05-11 00:00:00,37896,11,5,2013,Sat,19
2013-05-12 00:00:00,14733,12,5,2013,Sun,20
2013-05-13 00:00:00,33276,13,5,2013,Mon,20
2013-05-14 00:00:00,50537,14,5,2013,Tue,20
2013-05-15 00:00:00,54543,15,5,2013,Wed,20
2013-05-16 00:00:00,31882,16,5,2013,Thu,20
2013-05-17 00:00:00,46022,17,5,2013,Fri,20
2013-05-18 00:00:00,31930,18,5,2013,Sat,20
2013-05-19 00:00:00,05553,19,5,2013,Sun,21
2013-05-20 00:00:00,65889,20,5,2013,Mon,21
2013-05-21 00:00:00,92514,21,5,2013,Tue,21
2013-05-22 00:00:00,47558,22,5,2013,Wed,21
2013-05-23 00:00:00,59537,23,5,2013,Thu,21
2013-05-24 00:00:00,71665,24,5,2013,Fri,21
2013-05-25 00:00:00,35724,25,5,2013,Sat,21
2013-05-26 00:00:00,1653,26,5,2013,Sun,22
2013-05-27 00:00:00,00464,27,5,2013,Mon,22
2013-05-28 00:00:00,39827,28,5,2013,Tue,22
2013-05-29 00:00:00,91385,29,5,2013,Wed,22
2013-05-30 00:00:00,42159,30,5,2013,Thu,22
2013-05-31 00:00:00,47895,31,5,2013,Fri,22
2013-06-01 00:00:00,22544,1,6,2013,Sat,22
2013-06-02 00:00:00,80025,2,6,2013,Sun,23
2013-06-03 00:00:00,50432,3,6,2013,Mon,23
2013-06-04 00:00:00,44116,4,6,2013,Tue,23
2013-06-05 00:00:00,49216,5,6,2013,Wed,23
2013-06-06 00:00:00,19291,6,6,2013,Thu,23
2013-06-07 00:00:00,00321,7,6,2013,Fri,23
2013-06-08 00:00:00,91125,8,6,2013,Sat,23
2013-06-09 00:00:00,67438,9,6,2013,Sun,24
2013-06-10 00:00:00,51404,10,6,2013,Mon,24
2013-06-11 00:00:00,90135,11,6,2013,Tue,24
2013-06-12 00:00:00,02851,12,6,2013,Wed,24
2013-06-13 00:00:00,76550,13,6,2013,Thu,24
2013-06-14 00:00:00,11243,14,6,2013,Fri,24
2013-06-15 00:00:00,86606,15,6,2013,Sat,24
2013-06-16 00:00:00,54554,16,6,2013,Sun,25
2013-06-17 00:00:00,05256,17,6,2013,Mon,25
2013-06-18 00:00:00,15976,18,6,2013,Tue,25
2013-06-19 00:00:00,54521,19,6,2013,Wed,25
2013-06-20 00:00:00,48917,20,6,2013,Thu,25
2013-06-21 00:00:00,36389,21,6,2013,Fri,25
2013-06-22 00:00:00,54256,22,6,2013,Sat,25
2013-06-23 00:00:00,22861,23,6,2013,Sun,26
2013-06-24 00:00:00,45131,24,6,2013,Mon,26
2013-06-25 00:00:00,85223,25,6,2013,Tue,26
2013-06-26 00:00:00,13399,26,6,2013,Wed,26
2013-06-27 00:00:00,50497,27,6,2013,Thu,26
2013-06-28 00:00:00,51477,28,6,2013,Fri,26
2013-06-29 00:00:00,68966,29,6,2013,Sat,26
2013-06-30 00:00:00,20142,30,6,2013,Sun,27
2013-07-01 00:00:00,46857,1,7,2013,Mon,27
2013-07-02 00:00:00,23592,2,7,2013,Tue,27
2013-07-03 00:00:00,50619,3,7,2013,Wed,27
2013-07-04 00:00:00,28415,4,7,2013,Thu,27
2013-07-05 00:00:00,77029,5,7,2013,Fri,27
2013-07-06 00:00:00,31721,6,7,2013,Sat,27
2013-07-07 00:00:00,5766,7,7,2013,Sun,28
2013-07-08 00:00:00,40501,8,7,2013,Mon,28
2013-07-09 00:00:00,82761,9,7,2013,Tue,28
2013-07-10 00:00:00,02515,10,7,2013,Wed,28
2013-07-11 00:00:00,59925,11,7,2013,Thu,28
2013-07-12 00:00:00,21646,12,7,2013,Fri,28
2013-07-13 00:00:00,53950,13,7,2013,Sat,28
2013-07-14 00:00:00,12607,14,7,2013,Sun,29
2013-07-15 00:00:00,38128,15,7,2013,Mon,29
2013-07-16 00:00:00,85559,16,7,2013,Tue,29
2013-07-17 00:00:00,37282,17,7,2013,Wed,29
2013-07-18 00:00:00,84700,18,7,2013,Thu,29
2013-07-19 00:00:00,62314,19,7,2013,Fri,29
2013-07-20 00:00:00,60233,20,7,2013,Sat,29
2013-07-21 00:00:00,19636,21,7,2013,Sun,30
2013-07-22 00:00:00,20174,22,7,2013,Mon,30
2013-07-23 00:00:00,43085,23,7,2013,Tue,30
2013-07-24 00:00:00,13008,24,7,2013,Wed,30
2013-07-25 00:00:00,06153,25,7,2013,Thu,30
2013-07-26 00:00:00,88969,26,7,2013,Fri,30
2013-07-27 00:00:00,10678,27,7,2013,Sat,30
2013-07-28 00:00:00,87847,28,7,2013,Sun,31
2013-07-29 00:00:00,24920,29,7,2013,Mon,31
2013-07-30 00:00:00,78865,30,7,2013,Tue,31
2013-07-31 00:00:00,23470,31,7,2013,Wed,31
2013-08-01 00:00:00,03460,1,8,2013,Thu,31
2013-08-02 00:00:00,70547,2,8,2013,Fri,31
2013-08-03 00:00:00,13044,3,8,2013,Sat,31
2013-08-04 00:00:00,75179,4,8,2013,Sun,32
2013-08-05 00:00:00,12856,5,8,2013,Mon,32
2013-08-06 00:00:00,57819,6,8,2013,Tue,32
2013-08-07 00:00:00,68268,7,8,2013,Wed,32
2013-08-08 00:00:00,93381,8,8,2013,Thu,32
2013-08-09 00:00:00,42708,9,8,2013,Fri,32
2013-08-10 00:00:00,98231,10,8,2013,Sat,32
2013-08-11 00:00:00,99050,11,8,2013,Sun,33
2013-08-12 00:00:00,61645,12,8,2013,Mon,33
2013-08-13 00:00:00,46417,13,8,2013,Tue,33
2013-08-14 00:00:00,97555,14,8,2013,Wed,33
2013-08-15 00:00:00,73916,15,8,2013,Thu,33
2013-08-16 00:00:00,33396,16,8,2013,Fri,33
2013-08-17 00:00:00,57249,17,8,2013,Sat,33
2013-08-18 00:00:00,77042,18,8,2013,Sun,34
2013-08-19 00:00:00,88778,19,8,2013,Mon,34
2013-08-20 00:00:00,91549,20,8,2013,Tue,34
2013-08-21 00:00:00,85701,21,8,2013,Wed,34
2013-08-22 00:00:00,88147,22,8,2013,Thu,34
2013-08-23 00:00:00,88018,23,8,2013,Fri,34
2013-08-24 00:00:00,64160,24,8,2013,Sat,34
2013-08-25 00:00:00,1732,25,8,2013,Sun,35
2013-08-26 00:00:00,52457,26,8,2013,Mon,35
2013-08-27 00:00:00,35415,27,8,2013,Tue,35
2013-08-28 00:00:00,84061,28,8,2013,Wed,35
2013-08-29 00:00:00,92718,29,8,2013,Thu,35
2013-08-30 00:00:00,17723,30,8,2013,Fri,35
2013-08-31 00:00:00,35551,31,8,2013,Sat,35
2013-09-01 00:00:00,79501,1,9,2013,Sun,36
2013-09-02 00:00:00,18791,2,9,2013,Mon,36
2013-09-03 00:00:00,03245,3,9,2013,Tue,36
2013-09-04 00:00:00,95771,4,9,2013,Wed,36
2013-09-05 00:00:00,56331,5,9,2013,Thu,36
2013-09-06 00:00:00,82442,6,9,2013,Fri,36
2013-09-07 00:00:00,44111,7,9,2013,Sat,36
2013-09-08 00:00:00,01765,8,9,2013,Sun,37
2013-09-09 00:00:00,02764,9,9,2013,Mon,37
2013-09-10 00:00:00,53422,10,9,2013,Tue,37
2013-09-11 00:00:00,58367,11,9,2013,Wed,37
2013-09-12 00:00:00,60791,12,9,2013,Thu,37
2013-09-13 00:00:00,93810,13,9,2013,Fri,37
2013-09-14 00:00:00,20445,14,9,2013,Sat,37
2013-09-15 00:00:00,79502,15,9,2013,Sun,38
2013-09-16 00:00:00,66834,16,9,2013,Mon,38
2013-09-17 00:00:00,58395,17,9,2013,Tue,38
2013-09-18 00:00:00,58508,18,9,2013,Wed,38
2013-09-19 00:00:00,23485,19,9,2013,Thu,38
2013-09-20 00:00:00,55306,20,9,2013,Fri,38
2013-09-21 00:00:00,51436,21,9,2013,Sat,38
2013-09-22 00:00:00,20453,22,9,2013,Sun,39
2013-09-23 00:00:00,82028,23,9,2013,Mon,39
2013-09-24 00:00:00,37538,24,9,2013,Tue,39
2013-09-25 00:00:00,03583,25,9,2013,Wed,39
2013-09-26 00:00:00,90050,26,9,2013,Thu,39
2013-09-27 00:00:00,37745,27,9,2013,Fri,39
2013-09-28 00:00:00,65621,28,9,2013,Sat,39
2013-09-29 00:00:00,84220,29,9,2013,Sun,40
2013-09-30 00:00:00,02915,30,9,2013,Mon,40
2013-10-01 00:00:00,92944,1,10,2013,Tue,40
2013-10-02 00:00:00,18815,2,10,2013,Wed,40
2013-10-03 00:00:00,38995,3,10,2013,Thu,40
2013-10-04 00:00:00,76998,4,10,2013,Fri,40
2013-10-05 00:00:00,07703,5,10,2013,Sat,40
2013-10-06 00:00:00,44548,6,10,2013,Sun,41
2013-10-07 00:00:00,42382,7,10,2013,Mon,41
2013-10-08 00:00:00,41738,8,10,2013,Tue,41
2013-10-09 00:00:00,06108,9,10,2013,Wed,41
2013-10-10 00:00:00,68159,10,10,2013,Thu,41
2013-10-11 00:00:00,07490,11,10,2013,Fri,41
2013-10-12 00:00:00,25498,12,10,2013,Sat,41
2013-10-13 00:00:00,93156,13,10,2013,Sun,42
2013-10-14 00:00:00,29377,14,10,2013,Mon,42
2013-10-15 00:00:00,58670,15,10,2013,Tue,42
2013-10-16 00:00:00,38536,16,10,2013,Wed,42
2013-10-17 00:00:00,10516,17,10,2013,Thu,42
2013-10-18 00:00:00,56958,18,10,2013,Fri,42
2013-10-19 00:00:00,05218,19,10,2013,Sat,42
2013-10-20 00:00:00,57739,20,10,2013,Sun,43
2013-10-21 00:00:00,21997,21,10,2013,Mon,43
2013-10-22 00:00:00,02660,22,10,2013,Tue,43
2013-10-23 00:00:00,43578,23,10,2013,Wed,43
2013-10-24 00:00:00,95103,24,10,2013,Thu,43
2013-10-25 00:00:00,06252,25,10,2013,Fri,43
2013-10-26 00:00:00,57472,26,10,2013,Sat,43
2013-10-27 00:00:00,85455,27,10,2013,Sun,44
2013-10-28 00:00:00,74331,28,10,2013,Mon,44
2013-10-29 00:00:00,00625,29,10,2013,Tue,44
2013-10-30 00:00:00,82522,30,10,2013,Wed,44
2013-10-31 00:00:00,32311,31,10,2013,Thu,44
2013-11-01 00:00:00,43436,1,11,2013,Fri,44
2013-11-02 00:00:00,22930,2,11,2013,Sat,44
2013-11-03 00:00:00,91412,3,11,2013,Sun,45
2013-11-04 00:00:00,38488,4,11,2013,Mon,45
2013-11-05 00:00:00,97193,5,11,2013,Tue,45
2013-11-06 00:00:00,97202,6,11,2013,Wed,45
2013-11-07 00:00:00,84625,7,11,2013,Thu,45
2013-11-08 00:00:00,15244,8,11,2013,Fri,45
2013-11-09 00:00:00,15356,9,11,2013,Sat,45
2013-11-10 00:00:00,51231,10,11,2013,Sun,46
2013-11-11 00:00:00,58465,11,11,2013,Mon,46
2013-11-12 00:00:00,15566,12,11,2013,Tue,46
2013-11-13 00:00:00,76471,13,11,2013,Wed,46
2013-11-14 00:00:00,60870,14,11,2013,Thu,46
2013-11-15 00:00:00,71910,15,11,2013,Fri,46
2013-11-16 00:00:00,99530,16,11,2013,Sat,46
2013-11-17 00:00:00,48308,17,11,2013,Sun,47
2013-11-18 00:00:00,48723,18,11,2013,Mon,47
2013-11-19 00:00:00,95320,19,11,2013,Tue,47
2013-11-20 00:00:00,64161,20,11,2013,Wed,47
2013-11-21 00:00:00,71734,21,11,2013,Thu,47
2013-11-22 00:00:00,71758,22,11,2013,Fri,47
2013-11-23 00:00:00,90963,23,11,2013,Sat,47
2013-11-24 00:00:00,13625,24,11,2013,Sun,48
2013-11-25 00:00:00,85581,25,11,2013,Mon,48
2013-11-26 00:00:00,90746,26,11,2013,Tue,48
2013-11-27 00:00:00,87916,27,11,2013,Wed,48
2013-11-28 00:00:00,28758,28,11,2013,Thu,48
2013-11-29 00:00:00,09486,29,11,2013,Fri,48
2013-11-30 00:00:00,80517,30,11,2013,Sat,48
2013-12-01 00:00:00,60176,1,12,2013,Sun,49
2013-12-02 00:00:00,12571,2,12,2013,Mon,49
2013-12-03 00:00:00,76296,3,12,2013,Tue,49
2013-12-04 00:00:00,09445,4,12,2013,Wed,49
2013-12-05 00:00:00,35658,5,12,2013,Thu,49
2013-12-06 00:00:00,60347,6,12,2013,Fri,49
2013-12-07 00:00:00,57757,7,12,2013,Sat,49
2013-12-08 00:00:00,37776,8,12,2013,Sun,50
2013-12-09 00:00:00,87171,9,12,2013,Mon,50
2013-12-10 00:00:00,13999,10,12,2013,Tue,50
2013-12-11 00:00:00,22247,11,12,2013,Wed,50
2013-12-12 00:00:00,08241,12,12,2013,Thu,50
2013-12-13 00:00:00,42222,13,12,2013,Fri,50
2013-12-14 00:00:00,00043,14,12,2013,Sat,50
2013-12-15 00:00:00,59203,15,12,2013,Sun,51
2013-12-16 00:00:00,93341,16,12,2013,Mon,51
2013-12-17 00:00:00,88007,17,12,2013,Tue,51
2013-12-18 00:00:00,52176,18,12,2013,Wed,51
2013-12-19 00:00:00,41051,19,12,2013,Thu,51
2013-12-20 00:00:00,84047,20,12,2013,Fri,51
2013-12-21 00:00:00,45799,21,12,2013,Sat,51
2013-12-22 00:00:00,88077,22,12,2013,Sun,52
2013-12-23 00:00:00,67422,23,12,2013,Mon,52
2013-12-24 00:00:00,37677,24,12,2013,Tue,52
2013-12-25 00:00:00,1329,25,12,2013,Wed,52
2013-12-26 00:00:00,0596,26,12,2013,Thu,52
2013-12-27 00:00:00,49773,27,12,2013,Fri,52
2013-12-28 00:00:00,16910,28,12,2013,Sat,52
2013-12-29 00:00:00,03678,29,12,2013,Sun,53
2013-12-30 00:00:00,91304,30,12,2013,Mon,53
2013-12-31 00:00:00,61023,31,12,2013,Tue,53
2014-01-01 00:00:00,85546,1,1,2014,Wed,1
2014-01-02 00:00:00,24813,2,1,2014,Thu,1
2014-01-03 00:00:00,66162,3,1,2014,Fri,1
2014-01-04 00:00:00,26132,4,1,2014,Sat,1
2014-01-05 00:00:00,24661,5,1,2014,Sun,2
2014-01-06 00:00:00,74806,6,1,2014,Mon,2
2014-01-07 00:00:00,71230,7,1,2014,Tue,2
2014-01-08 00:00:00,07929,8,1,2014,Wed,2
2014-01-09 00:00:00,73815,9,1,2014,Thu,2
2014-01-10 00:00:00,37628,10,1,2014,Fri,2
2014-01-11 00:00:00,58127,11,1,2014,Sat,2
2014-01-12 00:00:00,03610,12,1,2014,Sun,3
2014-01-13 00:00:00,77538,13,1,2014,Mon,3
2014-01-14 00:00:00,42772,14,1,2014,Tue,3
2014-01-15 00:00:00,48119,15,1,2014,Wed,3
2014-01-16 00:00:00,91238,16,1,2014,Thu,3
2014-01-17 00:00:00,16805,17,1,2014,Fri,3
2014-01-18 00:00:00,80785,18,1,2014,Sat,3
2014-01-19 00:00:00,23261,19,1,2014,Sun,4
2014-01-20 00:00:00,99020,20,1,2014,Mon,4
2014-01-21 00:00:00,27019,21,1,2014,Tue,4
2014-01-22 00:00:00,61904,22,1,2014,Wed,4
2014-01-23 00:00:00,08831,23,1,2014,Thu,4
2014-01-24 00:00:00,45728,24,1,2014,Fri,4
2014-01-25 00:00:00,93707,25,1,2014,Sat,4
2014-01-26 00:00:00,62058,26,1,2014,Sun,5
2014-01-27 00:00:00,40920,27,1,2014,Mon,5
2014-01-28 00:00:00,67010,28,1,2014,Tue,5
2014-01-29 00:00:00,06055,29,1,2014,Wed,5
2014-01-30 00:00:00,22688,30,1,2014,Thu,5
2014-01-31 00:00:00,80727,31,1,2014,Fri,5
2014-02-01 00:00:00,82826,1,2,2014,Sat,5
2014-02-02 00:00:00,19037,2,2,2014,Sun,6
2014-02-03 00:00:00,26442,3,2,2014,Mon,6
2014-02-04 00:00:00,39394,4,2,2014,Tue,6
2014-02-05 00:00:00,78796,5,2,2014,Wed,6
2014-02-06 00:00:00,99445,6,2,2014,Thu,6
2014-02-07 00:00:00,36537,7,2,2014,Fri,6
2014-02-08 00:00:00,40777,8,2,2014,Sat,6
2014-02-09 00:00:00,32769,9,2,2014,Sun,7
2014-02-10 00:00:00,33197,10,2,2014,Mon,7
2014-02-11 00:00:00,01574,11,2,2014,Tue,7
2014-02-12 00:00:00,99988,12,2,2014,Wed,7
2014-02-13 00:00:00,36248,13,2,2014,Thu,7
2014-02-14 00:00:00,12950,14,2,2014,Fri,7
2014-02-15 00:00:00,44951,15,2,2014,Sat,7
2014-02-16 00:00:00,82018,16,2,2014,Sun,8
2014-02-17 00:00:00,59929,17,2,2014,Mon,8
2014-02-18 00:00:00,07338,18,2,2014,Tue,8
2014-02-19 00:00:00,24661,19,2,2014,Wed,8
2014-02-20 00:00:00,35144,20,2,2014,Thu,8
2014-02-21 00:00:00,98376,21,2,2014,Fri,8
2014-02-22 00:00:00,54714,22,2,2014,Sat,8
2014-02-23 00:00:00,95205,23,2,2014,Sun,9
2014-02-24 00:00:00,23694,24,2,2014,Mon,9
2014-02-25 00:00:00,29093,25,2,2014,Tue,9
2014-02-26 00:00:00,43205,26,2,2014,Wed,9
2014-02-27 00:00:00,88384,27,2,2014,Thu,9
2014-02-28 00:00:00,61887,28,2,2014,Fri,9
2014-03-01 00:00:00,66184,1,3,2014,Sat,9
2014-03-02 00:00:00,33115,2,3,2014,Sun,10
2014-03-03 00:00:00,93851,3,3,2014,Mon,10
2014-03-04 00:00:00,21069,4,3,2014,Tue,10
2014-03-05 00:00:00,91521,5,3,2014,Wed,10
2014-03-06 00:00:00,89633,6,3,2014,Thu,10
2014-03-07 00:00:00,41085,7,3,2014,Fri,10
2014-03-08 00:00:00,79887,8,3,2014,Sat,10
2014-03-09 00:00:00,55210,9,3,2014,Sun,11
2014-03-10 00:00:00,10390,10,3,2014,Mon,11
2014-03-11 00:00:00,56000,11,3,2014,Tue,11
2014-03-12 00:00:00,94007,12,3,2014,Wed,11
2014-03-13 00:00:00,14028,13,3,2014,Thu,11
2014-03-14 00:00:00,88697,14,3,2014,Fri,11
2014-03-15 00:00:00,93837,15,3,2014,Sat,11
2014-03-16 00:00:00,38956,16,3,2014,Sun,12
2014-03-17 00:00:00,75324,17,3,2014,Mon,12
2014-03-18 00:00:00,34644,18,3,2014,Tue,12
2014-03-19 00:00:00,45470,19,3,2014,Wed,12
2014-03-20 00:00:00,38121,20,3,2014,Thu,12
2014-03-21 00:00:00,12944,21,3,2014,Fri,12
2014-03-22 00:00:00,28650,22,3,2014,Sat,12
2014-03-23 00:00:00,67216,23,3,2014,Sun,13
2014-03-24 00:00:00,60497,24,3,2014,Mon,13
2014-03-25 00:00:00,02314,25,3,2014,Tue,13
2014-03-26 00:00:00,93584,26,3,2014,Wed,13
2014-03-27 00:00:00,71652,27,3,2014,Thu,13
2014-03-28 00:00:00,41828,28,3,2014,Fri,13
2014-03-29 00:00:00,58984,29,3,2014,Sat,13
2014-03-30 00:00:00,06622,30,3,2014,Sun,14
2014-03-31 00:00:00,76188,31,3,2014,Mon,14
2014-04-01 00:00:00,60987,1,4,2014,Tue,14
2014-04-02 00:00:00,07835,2,4,2014,Wed,14
2014-04-03 00:00:00,89180,3,4,2014,Thu,14
2014-04-04 00:00:00,96107,4,4,2014,Fri,14
2014-04-05 00:00:00,06036,5,4,2014,Sat,14
2014-04-06 00:00:00,54667,6,4,2014,Sun,15
2014-04-07 00:00:00,78489,7,4,2014,Mon,15
2014-04-08 00:00:00,69808,8,4,2014,Tue,15
2014-04-09 00:00:00,71776,9,4,2014,Wed,15
2014-04-10 00:00:00,22107,10,4,2014,Thu,15
2014-04-11 00:00:00,69257,11,4,2014,Fri,15
2014-04-12 00:00:00,65239,12,4,2014,Sat,15
2014-04-13 00:00:00,59344,13,4,2014,Sun,16
2014-04-14 00:00:00,93892,14,4,2014,Mon,16
2014-04-15 00:00:00,47704,15,4,2014,Tue,16
2014-04-16 00:00:00,07030,16,4,2014,Wed,16
2014-04-17 00:00:00,76271,17,4,2014,Thu,16
2014-04-18 00:00:00,27621,18,4,2014,Fri,16
2014-04-19 00:00:00,50880,19,4,2014,Sat,16
2014-04-20 00:00:00,8168,20,4,2014,Sun,17
2014-04-21 00:00:00,64918,21,4,2014,Mon,17
2014-04-22 00:00:00,73901,22,4,2014,Tue,17
2014-04-23 00:00:00,16147,23,4,2014,Wed,17
2014-04-24 00:00:00,69032,24,4,2014,Thu,17
2014-04-25 00:00:00,59441,25,4,2014,Fri,17
2014-04-26 00:00:00,55091,26,4,2014,Sat,17
2014-04-27 00:00:00,74757,27,4,2014,Sun,18
2014-04-28 00:00:00,17477,28,4,2014,Mon,18
2014-04-29 00:00:00,37427,29,4,2014,Tue,18
2014-04-30 00:00:00,75300,30,4,2014,Wed,18
2014-05-01 00:00:00,08352,1,5,2014,Thu,18
2014-05-02 00:00:00,81998,2,5,2014,Fri,18
2014-05-03 00:00:00,78702,3,5,2014,Sat,18
2014-05-04 00:00:00,16814,4,5,2014,Sun,19
2014-05-05 00:00:00,52620,5,5,2014,Mon,19
2014-05-06 00:00:00,00489,6,5,2014,Tue,19
2014-05-07 00:00:00,39032,7,5,2014,Wed,19
2014-05-08 00:00:00,49747,8,5,2014,Thu,19
2014-05-09 00:00:00,80255,9,5,2014,Fri,19
2014-05-10 00:00:00,86562,10,5,2014,Sat,19
2014-05-11 00:00:00,93076,11,5,2014,Sun,20
2014-05-12 00:00:00,16343,12,5,2014,Mon,20
2014-05-13 00:00:00,82738,13,5,2014,Tue,20
2014-05-14 00:00:00,45445,14,5,2014,Wed,20
2014-05-15 00:00:00,28681,15,5,2014,Thu,20
2014-05-16 00:00:00,95457,16,5,2014,Fri,20
2014-05-17 00:00:00,70680,17,5,2014,Sat,20
2014-05-18 00:00:00,95374,18,5,2014,Sun,21
2014-05-19 00:00:00,63960,19,5,2014,Mon,21
2014-05-20 00:00:00,85889,20,5,2014,Tue,21
2014-05-21 00:00:00,37280,21,5,2014,Wed,21
2014-05-22 00:00:00,61323,22,5,2014,Thu,21
2014-05-23 00:00:00,39966,23,5,2014,Fri,21
2014-05-24 00:00:00,40555,24,5,2014,Sat,21
2014-05-25 00:00:00,93526,25,5,2014,Sun,22
2014-05-26 00:00:00,00199,26,5,2014,Mon,22
2014-05-27 00:00:00,13554,27,5,2014,Tue,22
2014-05-28 00:00:00,61584,28,5,2014,Wed,22
2014-05-29 00:00:00,87490,29,5,2014,Thu,22
2014-05-30 00:00:00,70548,30,5,2014,Fri,22
2014-05-31 00:00:00,16213,31,5,2014,Sat,22
2014-06-01 00:00:00,56380,1,6,2014,Sun,23
2014-06-02 00:00:00,78737,2,6,2014,Mon,23
2014-06-03 00:00:00,80707,3,6,2014,Tue,23
2014-06-04 00:00:00,44771,4,6,2014,Wed,23
2014-06-05 00:00:00,47099,5,6,2014,Thu,23
2014-06-06 00:00:00,18020,6,6,2014,Fri,23
2014-06-07 00:00:00,87855,7,6,2014,Sat,23
2014-06-08 00:00:00,47482,8,6,2014,Sun,24
2014-06-09 00:00:00,63099,9,6,2014,Mon,24
2014-06-10 00:00:00,87241,10,6,2014,Tue,24
2014-06-11 00:00:00,67873,11,6,2014,Wed,24
2014-06-12 00:00:00,99902,12,6,2014,Thu,24
2014-06-13 00:00:00,72534,13,6,2014,Fri,24
2014-06-14 00:00:00,94937,14,6,2014,Sat,24
2014-06-15 00:00:00,44082,15,6,2014,Sun,25
2014-06-16 00:00:00,30417,16,6,2014,Mon,25
2014-06-17 00:00:00,55039,17,6,2014,Tue,25
2014-06-18 00:00:00,01286,18,6,2014,Wed,25
2014-06-19 00:00:00,47774,19,6,2014,Thu,25
2014-06-20 00:00:00,57195,20,6,2014,Fri,25
2014-06-21 00:00:00,73256,21,6,2014,Sat,25
2014-06-22 00:00:00,32954,22,6,2014,Sun,26
2014-06-23 00:00:00,30185,23,6,2014,Mon,26
2014-06-24 00:00:00,69868,24,6,2014,Tue,26
2014-06-25 00:00:00,42248,25,6,2014,Wed,26
2014-06-26 00:00:00,84909,26,6,2014,Thu,26
2014-06-27 00:00:00,74741,27,6,2014,Fri,26
2014-06-28 00:00:00,19561,28,6,2014,Sat,26
2014-06-29 00:00:00,85800,29,6,2014,Sun,27
2014-06-30 00:00:00,46482,30,6,2014,Mon,27
2014-07-01 00:00:00,76220,1,7,2014,Tue,27
2014-07-02 00:00:00,12444,2,7,2014,Wed,27
2014-07-03 00:00:00,24731,3,7,2014,Thu,27
2014-07-04 00:00:00,20748,4,7,2014,Fri,27
2014-07-05 00:00:00,63616,5,7,2014,Sat,27
2014-07-06 00:00:00,78987,6,7,2014,Sun,28
2014-07-07 00:00:00,15720,7,7,2014,Mon,28
2014-07-08 00:00:00,97455,8,7,2014,Tue,28
2014-07-09 00:00:00,57199,9,7,2014,Wed,28
2014-07-10 00:00:00,58596,10,7,2014,Thu,28
2014-07-11 00:00:00,75702,11,7,2014,Fri,28
2014-07-12 00:00:00,79986,12,7,2014,Sat,28
2014-07-13 00:00:00,96361,13,7,2014,Sun,29
2014-07-14 00:00:00,34310,14,7,2014,Mon,29
2014-07-15 00:00:00,61900,15,7,2014,Tue,29
2014-07-16 00:00:00,22924,16,7,2014,Wed,29
2014-07-17 00:00:00,60639,17,7,2014,Thu,29
2014-07-18 00:00:00,81646,18,7,2014,Fri,29
2014-07-19 00:00:00,55876,19,7,2014,Sat,29
2014-07-20 00:00:00,91762,20,7,2014,Sun,30
2014-07-21 00:00:00,17819,21,7,2014,Mon,30
2014-07-22 00:00:00,86065,22,7,2014,Tue,30
2014-07-23 00:00:00,10123,23,7,2014,Wed,30
2014-07-24 00:00:00,56167,24,7,2014,Thu,30
2014-07-25 00:00:00,81721,25,7,2014,Fri,30
2014-07-26 00:00:00,09441,26,7,2014,Sat,30
2014-07-27 00:00:00,88010,27,7,2014,Sun,31
2014-07-28 00:00:00,39686,28,7,2014,Mon,31
2014-07-29 00:00:00,08120,29,7,2014,Tue,31
2014-07-30 00:00:00,66571,30,7,2014,Wed,31
2014-07-31 00:00:00,20574,31,7,2014,Thu,31
2014-08-01 00:00:00,68459,1,8,2014,Fri,31
2014-08-02 00:00:00,86280,2,8,2014,Sat,31
2014-08-03 00:00:00,80841,3,8,2014,Sun,32
2014-08-04 00:00:00,43215,4,8,2014,Mon,32
2014-08-05 00:00:00,92868,5,8,2014,Tue,32
2014-08-06 00:00:00,91322,6,8,2014,Wed,32
2014-08-07 00:00:00,68286,7,8,2014,Thu,32
2014-08-08 00:00:00,10659,8,8,2014,Fri,32
2014-08-09 00:00:00,98077,9,8,2014,Sat,32
2014-08-10 00:00:00,40111,10,8,2014,Sun,33
2014-08-11 00:00:00,19037,11,8,2014,Mon,33
2014-08-12 00:00:00,62845,12,8,2014,Tue,33
2014-08-13 00:00:00,00711,13,8,2014,Wed,33
2014-08-14 00:00:00,34883,14,8,2014,Thu,33
2014-08-15 00:00:00,24675,15,8,2014,Fri,33
2014-08-16 00:00:00,79106,16,8,2014,Sat,33
2014-08-17 00:00:00,76317,17,8,2014,Sun,34
2014-08-18 00:00:00,09270,18,8,2014,Mon,34
2014-08-19 00:00:00,78481,19,8,2014,Tue,34
2014-08-20 00:00:00,52865,20,8,2014,Wed,34
2014-08-21 00:00:00,88726,21,8,2014,Thu,34
2014-08-22 00:00:00,74285,22,8,2014,Fri,34
2014-08-23 00:00:00,18006,23,8,2014,Sat,34
2014-08-24 00:00:00,8717,24,8,2014,Sun,35
2014-08-25 00:00:00,47082,25,8,2014,Mon,35
2014-08-26 00:00:00,98565,26,8,2014,Tue,35
2014-08-27 00:00:00,27700,27,8,2014,Wed,35
2014-08-28 00:00:00,58138,28,8,2014,Thu,35
2014-08-29 00:00:00,28320,29,8,2014,Fri,35
2014-08-30 00:00:00,57249,30,8,2014,Sat,35
2014-08-31 00:00:00,64814,31,8,2014,Sun,36
2014-09-01 00:00:00,46616,1,9,2014,Mon,36
2014-09-02 00:00:00,05663,2,9,2014,Tue,36
2014-09-03 00:00:00,37176,3,9,2014,Wed,36
2014-09-04 00:00:00,85195,4,9,2014,Thu,36
2014-09-05 00:00:00,89555,5,9,2014,Fri,36
2014-09-06 00:00:00,55927,6,9,2014,Sat,36
2014-09-07 00:00:00,46705,7,9,2014,Sun,37
2014-09-08 00:00:00,55922,8,9,2014,Mon,37
2014-09-09 00:00:00,07008,9,9,2014,Tue,37
2014-09-10 00:00:00,10417,10,9,2014,Wed,37
2014-09-11 00:00:00,02978,11,9,2014,Thu,37
2014-09-12 00:00:00,78629,12,9,2014,Fri,37
2014-09-13 00:00:00,63813,13,9,2014,Sat,37
2014-09-14 00:00:00,37673,14,9,2014,Sun,38
2014-09-15 00:00:00,55026,15,9,2014,Mon,38
2014-09-16 00:00:00,53291,16,9,2014,Tue,38
2014-09-17 00:00:00,532,17,9,2014,Wed,38
2014-09-18 00:00:00,60827,18,9,2014,Thu,38
2014-09-19 00:00:00,59494,19,9,2014,Fri,38
2014-09-20 00:00:00,22723,20,9,2014,Sat,38
2014-09-21 00:00:00,23942,21,9,2014,Sun,39
2014-09-22 00:00:00,79837,22,9,2014,Mon,39
2014-09-23 00:00:00,17939,23,9,2014,Tue,39
2014-09-24 00:00:00,16170,24,9,2014,Wed,39
2014-09-25 00:00:00,31278,25,9,2014,Thu,39
2014-09-26 00:00:00,66091,26,9,2014,Fri,39
2014-09-27 00:00:00,98279,27,9,2014,Sat,39
2014-09-28 00:00:00,64814,28,9,2014,Sun,40
2014-09-29 00:00:00,52620,29,9,2014,Mon,40
2014-09-30 00:00:00,18771,30,9,2014,Tue,40
2014-10-01 00:00:00,62568,1,10,2014,Wed,40
2014-10-02 00:00:00,63709,2,10,2014,Thu,40
2014-10-03 00:00:00,30774,3,10,2014,Fri,40
2014-10-04 00:00:00,11296,4,10,2014,Sat,40
2014-10-05 00:00:00,24573,5,10,2014,Sun,41
2014-10-06 00:00:00,42526,6,10,2014,Mon,41
2014-10-07 00:00:00,44271,7,10,2014,Tue,41
2014-10-08 00:00:00,32004,8,10,2014,Wed,41
2014-10-09 00:00:00,03137,9,10,2014,Thu,41
2014-10-10 00:00:00,50842,10,10,2014,Fri,41
2014-10-11 00:00:00,48093,11,10,2014,Sat,41
2014-10-12 00:00:00,30512,12,10,2014,Sun,42
2014-10-13 00:00:00,59538,13,10,2014,Mon,42
2014-10-14 00:00:00,55006,14,10,2014,Tue,42
2014-10-15 00:00:00,66935,15,10,2014,Wed,42
2014-10-16 00:00:00,90320,16,10,2014,Thu,42
2014-10-17 00:00:00,96955,17,10,2014,Fri,42
2014-10-18 00:00:00,67368,18,10,2014,Sat,42
2014-10-19 00:00:00,10640,19,10,2014,Sun,43
2014-10-20 00:00:00,99623,20,10,2014,Mon,43
2014-10-21 00:00:00,30758,21,10,2014,Tue,43
2014-10-22 00:00:00,27909,22,10,2014,Wed,43
2014-10-23 00:00:00,00559,23,10,2014,Thu,43
2014-10-24 00:00:00,65592,24,10,2014,Fri,43
2014-10-25 00:00:00,44846,25,10,2014,Sat,43
2014-10-26 00:00:00,16899,26,10,2014,Sun,44
2014-10-27 00:00:00,64120,27,10,2014,Mon,44
2014-10-28 00:00:00,02273,28,10,2014,Tue,44
2014-10-29 00:00:00,96215,29,10,2014,Wed,44
2014-10-30 00:00:00,50102,30,10,2014,Thu,44
2014-10-31 00:00:00,70087,31,10,2014,Fri,44
2014-11-01 00:00:00,49427,1,11,2014,Sat,44
2014-11-02 00:00:00,85282,2,11,2014,Sun,45
2014-11-03 00:00:00,34041,3,11,2014,Mon,45
2014-11-04 00:00:00,47914,4,11,2014,Tue,45
2014-11-05 00:00:00,35856,5,11,2014,Wed,45
2014-11-06 00:00:00,42173,6,11,2014,Thu,45
2014-11-07 00:00:00,84210,7,11,2014,Fri,45
2014-11-08 00:00:00,53134,8,11,2014,Sat,45
2014-11-09 00:00:00,42900,9,11,2014,Sun,46
2014-11-10 00:00:00,44615,10,11,2014,Mon,46
2014-11-11 00:00:00,65504,11,11,2014,Tue,46
2014-11-12 00:00:00,55745,12,11,2014,Wed,46
2014-11-13 00:00:00,80286,13,11,2014,Thu,46
2014-11-14 00:00:00,47717,14,11,2014,Fri,46
2014-11-15 00:00:00,01427,15,11,2014,Sat,46
2014-11-16 00:00:00,86865,16,11,2014,Sun,47
2014-11-17 00:00:00,17181,17,11,2014,Mon,47
2014-11-18 00:00:00,52327,18,11,2014,Tue,47
2014-11-19 00:00:00,77014,19,11,2014,Wed,47
2014-11-20 00:00:00,97583,20,11,2014,Thu,47
2014-11-21 00:00:00,12942,21,11,2014,Fri,47
2014-11-22 00:00:00,59088,22,11,2014,Sat,47
2014-11-23 00:00:00,03111,23,11,2014,Sun,48
2014-11-24 00:00:00,39456,24,11,2014,Mon,48
2014-11-25 00:00:00,62111,25,11,2014,Tue,48
2014-11-26 00:00:00,41976,26,11,2014,Wed,48
2014-11-27 00:00:00,88439,27,11,2014,Thu,48
2014-11-28 00:00:00,42026,28,11,2014,Fri,48
2014-11-29 00:00:00,63786,29,11,2014,Sat,48
2014-11-30 00:00:00,90871,30,11,2014,Sun,49
2014-12-01 00:00:00,20853,1,12,2014,Mon,49
2014-12-02 00:00:00,22417,2,12,2014,Tue,49
2014-12-03 00:00:00,65421,3,12,2014,Wed,49
2014-12-04 00:00:00,57843,4,12,2014,Thu,49
2014-12-05 00:00:00,03437,5,12,2014,Fri,49
2014-12-06 00:00:00,68196,6,12,2014,Sat,49
2014-12-07 00:00:00,68728,7,12,2014,Sun,50
2014-12-08 00:00:00,77366,8,12,2014,Mon,50
2014-12-09 00:00:00,65148,9,12,2014,Tue,50
2014-12-10 00:00:00,75792,10,12,2014,Wed,50
2014-12-11 00:00:00,08035,11,12,2014,Thu,50
2014-12-12 00:00:00,26942,12,12,2014,Fri,50
2014-12-13 00:00:00,09561,13,12,2014,Sat,50
2014-12-14 00:00:00,06932,14,12,2014,Sun,51
2014-12-15 00:00:00,97354,15,12,2014,Mon,51
2014-12-16 00:00:00,04621,16,12,2014,Tue,51
2014-12-17 00:00:00,53901,17,12,2014,Wed,51
2014-12-18 00:00:00,64306,18,12,2014,Thu,51
2014-12-19 00:00:00,36211,19,12,2014,Fri,51
2014-12-20 00:00:00,91723,20,12,2014,Sat,51
2014-12-21 00:00:00,36202,21,12,2014,Sun,52
2014-12-22 00:00:00,38078,22,12,2014,Mon,52
2014-12-23 00:00:00,38566,23,12,2014,Tue,52
2014-12-24 00:00:00,39822,24,12,2014,Wed,52
2014-12-25 00:00:00,5224,25,12,2014,Thu,52
2014-12-26 00:00:00,6769,26,12,2014,Fri,52
2014-12-27 00:00:00,40370,27,12,2014,Sat,52
2014-12-28 00:00:00,21025,28,12,2014,Sun,53
2014-12-29 00:00:00,19656,29,12,2014,Mon,53
2014-12-30 00:00:00,98358,30,12,2014,Tue,53
2014-12-31 00:00:00,57615,31,12,2014,Wed,53
2015-01-01 00:00:00,64932,1,1,2015,Thu,1
2015-01-02 00:00:00,88889,2,1,2015,Fri,1
2015-01-03 00:00:00,72335,3,1,2015,Sat,1
2015-01-04 00:00:00,53544,4,1,2015,Sun,2
2015-01-05 00:00:00,44228,5,1,2015,Mon,2
2015-01-06 00:00:00,60521,6,1,2015,Tue,2
2015-01-07 00:00:00,43899,7,1,2015,Wed,2
2015-01-08 00:00:00,47977,8,1,2015,Thu,2
2015-01-09 00:00:00,60551,9,1,2015,Fri,2
2015-01-10 00:00:00,06632,10,1,2015,Sat,2
2015-01-11 00:00:00,66834,11,1,2015,Sun,3
2015-01-12 00:00:00,79418,12,1,2015,Mon,3
2015-01-13 00:00:00,98520,13,1,2015,Tue,3
2015-01-14 00:00:00,17164,14,1,2015,Wed,3
2015-01-15 00:00:00,57261,15,1,2015,Thu,3
2015-01-16 00:00:00,65649,16,1,2015,Fri,3
2015-01-17 00:00:00,72821,17,1,2015,Sat,3
2015-01-18 00:00:00,05372,18,1,2015,Sun,4
2015-01-19 00:00:00,44491,19,1,2015,Mon,4
2015-01-20 00:00:00,89408,20,1,2015,Tue,4
2015-01-21 00:00:00,57498,21,1,2015,Wed,4
2015-01-22 00:00:00,03535,22,1,2015,Thu,4
2015-01-23 00:00:00,49128,23,1,2015,Fri,4
2015-01-24 00:00:00,34633,24,1,2015,Sat,4
2015-01-25 00:00:00,89711,25,1,2015,Sun,5
2015-01-26 00:00:00,10622,26,1,2015,Mon,5
2015-01-27 00:00:00,95235,27,1,2015,Tue,5
2015-01-28 00:00:00,79559,28,1,2015,Wed,5
2015-01-29 00:00:00,07580,29,1,2015,Thu,5
2015-01-30 00:00:00,83463,30,1,2015,Fri,5
2015-01-31 00:00:00,46933,31,1,2015,Sat,5
2015-02-01 00:00:00,74139,1,2,2015,Sun,6
2015-02-02 00:00:00,82382,2,2,2015,Mon,6
2015-02-03 00:00:00,56518,3,2,2015,Tue,6
2015-02-04 00:00:00,05190,4,2,2015,Wed,6
2015-02-05 00:00:00,23562,5,2,2015,Thu,6
2015-02-06 00:00:00,31513,6,2,2015,Fri,6
2015-02-07 00:00:00,15398,7,2,2015,Sat,6
2015-02-08 00:00:00,13510,8,2,2015,Sun,7
2015-02-09 00:00:00,20383,9,2,2015,Mon,7
2015-02-10 00:00:00,76877,10,2,2015,Tue,7
2015-02-11 00:00:00,25430,11,2,2015,Wed,7
2015-02-12 00:00:00,62860,12,2,2015,Thu,7
2015-02-13 00:00:00,86011,13,2,2015,Fri,7
2015-02-14 00:00:00,22143,14,2,2015,Sat,7
2015-02-15 00:00:00,07257,15,2,2015,Sun,8
2015-02-16 00:00:00,73628,16,2,2015,Mon,8
2015-02-17 00:00:00,44027,17,2,2015,Tue,8
2015-02-18 00:00:00,55508,18,2,2015,Wed,8
2015-02-19 00:00:00,15471,19,2,2015,Thu,8
2015-02-20 00:00:00,53870,20,2,2015,Fri,8
2015-02-21 00:00:00,68715,21,2,2015,Sat,8
2015-02-22 00:00:00,78755,22,2,2015,Sun,9
2015-02-23 00:00:00,40001,23,2,2015,Mon,9
2015-02-24 00:00:00,36692,24,2,2015,Tue,9
2015-02-25 00:00:00,59255,25,2,2015,Wed,9
2015-02-26 00:00:00,71884,26,2,2015,Thu,9
2015-02-27 00:00:00,46729,27,2,2015,Fri,9
2015-02-28 00:00:00,64183,28,2,2015,Sat,9
2015-03-01 00:00:00,62491,1,3,2015,Sun,10
2015-03-02 00:00:00,68965,2,3,2015,Mon,10
2015-03-03 00:00:00,01914,3,3,2015,Tue,10
2015-03-04 00:00:00,60141,4,3,2015,Wed,10
2015-03-05 00:00:00,29204,5,3,2015,Thu,10
2015-03-06 00:00:00,52159,6,3,2015,Fri,10
2015-03-07 00:00:00,82374,7,3,2015,Sat,10
2015-03-08 00:00:00,72092,8,3,2015,Sun,11
2015-03-09 00:00:00,55113,9,3,2015,Mon,11
2015-03-10 00:00:00,82974,10,3,2015,Tue,11
2015-03-11 00:00:00,25799,11,3,2015,Wed,11
2015-03-12 00:00:00,50845,12,3,2015,Thu,11
2015-03-13 00:00:00,70898,13,3,2015,Fri,11
2015-03-14 00:00:00,19705,14,3,2015,Sat,11
2015-03-15 00:00:00,47630,15,3,2015,Sun,12
2015-03-16 00:00:00,67720,16,3,2015,Mon,12
2015-03-17 00:00:00,98110,17,3,2015,Tue,12
2015-03-18 00:00:00,90100,18,3,2015,Wed,12
2015-03-19 00:00:00,46231,19,3,2015,Thu,12
2015-03-20 00:00:00,32380,20,3,2015,Fri,12
2015-03-21 00:00:00,06897,21,3,2015,Sat,12
2015-03-22 00:00:00,72332,22,3,2015,Sun,13
2015-03-23 00:00:00,77048,23,3,2015,Mon,13
2015-03-24 00:00:00,17705,24,3,2015,Tue,13
2015-03-25 00:00:00,12181,25,3,2015,Wed,13
2015-03-26 00:00:00,54239,26,3,2015,Thu,13
2015-03-27 00:00:00,47921,27,3,2015,Fri,13
2015-03-28 00:00:00,479,28,3,2015,Sat,13
2015-03-29 00:00:00,04671,29,3,2015,Sun,14
2015-03-30 00:00:00,41898,30,3,2015,Mon,14
2015-03-31 00:00:00,47113,31,3,2015,Tue,14
2015-04-01 00:00:00,98309,1,4,2015,Wed,14
2015-04-02 00:00:00,19132,2,4,2015,Thu,14
2015-04-03 00:00:00,07457,3,4,2015,Fri,14
2015-04-04 00:00:00,43265,4,4,2015,Sat,14
2015-04-05 00:00:00,20546,5,4,2015,Sun,15
2015-04-06 00:00:00,37643,6,4,2015,Mon,15
2015-04-07 00:00:00,52547,7,4,2015,Tue,15
2015-04-08 00:00:00,45875,8,4,2015,Wed,15
2015-04-09 00:00:00,64042,9,4,2015,Thu,15
2015-04-10 00:00:00,19951,10,4,2015,Fri,15
2015-04-11 00:00:00,92071,11,4,2015,Sat,15
2015-04-12 00:00:00,50494,12,4,2015,Sun,16
2015-04-13 00:00:00,03115,13,4,2015,Mon,16
2015-04-14 00:00:00,75632,14,4,2015,Tue,16
2015-04-15 00:00:00,21152,15,4,2015,Wed,16
2015-04-16 00:00:00,55724,16,4,2015,Thu,16
2015-04-17 00:00:00,09419,17,4,2015,Fri,16
2015-04-18 00:00:00,66353,18,4,2015,Sat,16
2015-04-19 00:00:00,31442,19,4,2015,Sun,17
2015-04-20 00:00:00,29578,20,4,2015,Mon,17
2015-04-21 00:00:00,26395,21,4,2015,Tue,17
2015-04-22 00:00:00,44064,22,4,2015,Wed,17
2015-04-23 00:00:00,68933,23,4,2015,Thu,17
2015-04-24 00:00:00,21230,24,4,2015,Fri,17
2015-04-25 00:00:00,49994,25,4,2015,Sat,17
2015-04-26 00:00:00,86602,26,4,2015,Sun,18
2015-04-27 00:00:00,82972,27,4,2015,Mon,18
2015-04-28 00:00:00,68924,28,4,2015,Tue,18
2015-04-29 00:00:00,38532,29,4,2015,Wed,18
2015-04-30 00:00:00,99326,30,4,2015,Thu,18
2015-05-01 00:00:00,42142,1,5,2015,Fri,18
2015-05-02 00:00:00,80606,2,5,2015,Sat,18
2015-05-03 00:00:00,78288,3,5,2015,Sun,19
2015-05-04 00:00:00,98112,4,5,2015,Mon,19
2015-05-05 00:00:00,30512,5,5,2015,Tue,19
2015-05-06 00:00:00,54843,6,5,2015,Wed,19
2015-05-07 00:00:00,00114,7,5,2015,Thu,19
2015-05-08 00:00:00,23507,8,5,2015,Fri,19
2015-05-09 00:00:00,71229,9,5,2015,Sat,19
2015-05-10 00:00:00,29570,10,5,2015,Sun,20
2015-05-11 00:00:00,69147,11,5,2015,Mon,20
2015-05-12 00:00:00,89362,12,5,2015,Tue,20
2015-05-13 00:00:00,41763,13,5,2015,Wed,20
2015-05-14 00:00:00,94178,14,5,2015,Thu,20
2015-05-15 00:00:00,57790,15,5,2015,Fri,20
2015-05-16 00:00:00,45283,16,5,2015,Sat,20
2015-05-17 00:00:00,21968,17,5,2015,Sun,21
2015-05-18 00:00:00,31057,18,5,2015,Mon,21
2015-05-19 00:00:00,74041,19,5,2015,Tue,21
2015-05-20 00:00:00,16031,20,5,2015,Wed,21
2015-05-21 00:00:00,19977,21,5,2015,Thu,21
2015-05-22 00:00:00,49887,22,5,2015,Fri,21
2015-05-23 00:00:00,67566,23,5,2015,Sat,21
2015-05-24 00:00:00,19438,24,5,2015,Sun,22
2015-05-25 00:00:00,91871,25,5,2015,Mon,22
2015-05-26 00:00:00,56208,26,5,2015,Tue,22
2015-05-27 00:00:00,13194,27,5,2015,Wed,22
2015-05-28 00:00:00,43453,28,5,2015,Thu,22
2015-05-29 00:00:00,39965,29,5,2015,Fri,22
2015-05-30 00:00:00,82268,30,5,2015,Sat,22
2015-05-31 00:00:00,17116,31,5,2015,Sun,23
2015-06-01 00:00:00,08402,1,6,2015,Mon,23
2015-06-02 00:00:00,33841,2,6,2015,Tue,23
2015-06-03 00:00:00,17392,3,6,2015,Wed,23
2015-06-04 00:00:00,37553,4,6,2015,Thu,23
2015-06-05 00:00:00,06923,5,6,2015,Fri,23
2015-06-06 00:00:00,14455,6,6,2015,Sat,23
2015-06-07 00:00:00,91327,7,6,2015,Sun,24
2015-06-08 00:00:00,74571,8,6,2015,Mon,24
2015-06-09 00:00:00,27920,9,6,2015,Tue,24
2015-06-10 00:00:00,07411,10,6,2015,Wed,24
2015-06-11 00:00:00,69346,11,6,2015,Thu,24
2015-06-12 00:00:00,58434,12,6,2015,Fri,24
2015-06-13 00:00:00,52403,13,6,2015,Sat,24
2015-06-14 00:00:00,33271,14,6,2015,Sun,25
2015-06-15 00:00:00,26016,15,6,2015,Mon,25
2015-06-16 00:00:00,38331,16,6,2015,Tue,25
2015-06-17 00:00:00,71062,17,6,2015,Wed,25
2015-06-18 00:00:00,39476,18,6,2015,Thu,25
2015-06-19 00:00:00,71401,19,6,2015,Fri,25
2015-06-20 00:00:00,72413,20,6,2015,Sat,25
2015-06-21 00:00:00,49847,21,6,2015,Sun,26
2015-06-22 00:00:00,39536,22,6,2015,Mon,26
2015-06-23 00:00:00,34452,23,6,2015,Tue,26
2015-06-24 00:00:00,51837,24,6,2015,Wed,26
2015-06-25 00:00:00,00934,25,6,2015,Thu,26
2015-06-26 00:00:00,48367,26,6,2015,Fri,26
2015-06-27 00:00:00,34375,27,6,2015,Sat,26
2015-06-28 00:00:00,77738,28,6,2015,Sun,27
2015-06-29 00:00:00,83602,29,6,2015,Mon,27
2015-06-30 00:00:00,19917,30,6,2015,Tue,27
2015-07-01 00:00:00,81536,1,7,2015,Wed,27
2015-07-02 00:00:00,01478,2,7,2015,Thu,27
2015-07-03 00:00:00,58061,3,7,2015,Fri,27
2015-07-04 00:00:00,37185,4,7,2015,Sat,27
2015-07-05 00:00:00,40462,5,7,2015,Sun,28
2015-07-06 00:00:00,85568,6,7,2015,Mon,28
2015-07-07 00:00:00,50545,7,7,2015,Tue,28
2015-07-08 00:00:00,58929,8,7,2015,Wed,28
2015-07-09 00:00:00,18319,9,7,2015,Thu,28
2015-07-10 00:00:00,84890,10,7,2015,Fri,28
2015-07-11 00:00:00,38749,11,7,2015,Sat,28
2015-07-12 00:00:00,93502,12,7,2015,Sun,29
2015-07-13 00:00:00,14527,13,7,2015,Mon,29
2015-07-14 00:00:00,68613,14,7,2015,Tue,29
2015-07-15 00:00:00,85387,15,7,2015,Wed,29
2015-07-16 00:00:00,28806,16,7,2015,Thu,29
2015-07-17 00:00:00,91275,17,7,2015,Fri,29
2015-07-18 00:00:00,46597,18,7,2015,Sat,29
2015-07-19 00:00:00,89225,19,7,2015,Sun,30
2015-07-20 00:00:00,17913,20,7,2015,Mon,30
2015-07-21 00:00:00,13422,21,7,2015,Tue,30
2015-07-22 00:00:00,54748,22,7,2015,Wed,30
2015-07-23 00:00:00,17089,23,7,2015,Thu,30
2015-07-24 00:00:00,06306,24,7,2015,Fri,30
2015-07-25 00:00:00,65094,25,7,2015,Sat,30
2015-07-26 00:00:00,82450,26,7,2015,Sun,31
2015-07-27 00:00:00,89040,27,7,2015,Mon,31
2015-07-28 00:00:00,05223,28,7,2015,Tue,31
2015-07-29 00:00:00,22306,29,7,2015,Wed,31
2015-07-30 00:00:00,86052,30,7,2015,Thu,31
2015-07-31 00:00:00,68930,31,7,2015,Fri,31
2015-08-01 00:00:00,07610,1,8,2015,Sat,31
2015-08-02 00:00:00,07847,2,8,2015,Sun,32
2015-08-03 00:00:00,04760,3,8,2015,Mon,32
2015-08-04 00:00:00,82233,4,8,2015,Tue,32
2015-08-05 00:00:00,04083,5,8,2015,Wed,32
2015-08-06 00:00:00,78743,6,8,2015,Thu,32
2015-08-07 00:00:00,73033,7,8,2015,Fri,32
2015-08-08 00:00:00,83141,8,8,2015,Sat,32
2015-08-09 00:00:00,38029,9,8,2015,Sun,33
2015-08-10 00:00:00,84095,10,8,2015,Mon,33
2015-08-11 00:00:00,44795,11,8,2015,Tue,33
2015-08-12 00:00:00,01470,12,8,2015,Wed,33
2015-08-13 00:00:00,20019,13,8,2015,Thu,33
2015-08-14 00:00:00,97519,14,8,2015,Fri,33
2015-08-15 00:00:00,49272,15,8,2015,Sat,33
2015-08-16 00:00:00,83485,16,8,2015,Sun,34
2015-08-17 00:00:00,74625,17,8,2015,Mon,34
2015-08-18 00:00:00,35695,18,8,2015,Tue,34
2015-08-19 00:00:00,72431,19,8,2015,Wed,34
2015-08-20 00:00:00,94732,20,8,2015,Thu,34
2015-08-21 00:00:00,47699,21,8,2015,Fri,34
2015-08-22 00:00:00,63528,22,8,2015,Sat,34
2015-08-23 00:00:00,97240,23,8,2015,Sun,35
2015-08-24 00:00:00,78433,24,8,2015,Mon,35
2015-08-25 00:00:00,22815,25,8,2015,Tue,35
2015-08-26 00:00:00,32792,26,8,2015,Wed,35
2015-08-27 00:00:00,74480,27,8,2015,Thu,35
2015-08-28 00:00:00,42362,28,8,2015,Fri,35
2015-08-29 00:00:00,29751,29,8,2015,Sat,35
2015-08-30 00:00:00,57921,30,8,2015,Sun,36
2015-08-31 00:00:00,26555,31,8,2015,Mon,36
2015-09-01 00:00:00,60769,1,9,2015,Tue,36
2015-09-02 00:00:00,55618,2,9,2015,Wed,36
2015-09-03 00:00:00,84643,3,9,2015,Thu,36
2015-09-04 00:00:00,41741,4,9,2015,Fri,36
2015-09-05 00:00:00,03750,5,9,2015,Sat,36
2015-09-06 00:00:00,12379,6,9,2015,Sun,37
2015-09-07 00:00:00,26956,7,9,2015,Mon,37
2015-09-08 00:00:00,77582,8,9,2015,Tue,37
2015-09-09 00:00:00,48022,9,9,2015,Wed,37
2015-09-10 00:00:00,03656,10,9,2015,Thu,37
2015-09-11 00:00:00,97137,11,9,2015,Fri,37
2015-09-12 00:00:00,97312,12,9,2015,Sat,37
2015-09-13 00:00:00,50050,13,9,2015,Sun,38
2015-09-14 00:00:00,01378,14,9,2015,Mon,38
2015-09-15 00:00:00,26040,15,9,2015,Tue,38
2015-09-16 00:00:00,87764,16,9,2015,Wed,38
2015-09-17 00:00:00,13781,17,9,2015,Thu,38
2015-09-18 00:00:00,65137,18,9,2015,Fri,38
2015-09-19 00:00:00,90353,19,9,2015,Sat,38
2015-09-20 00:00:00,18173,20,9,2015,Sun,39
2015-09-21 00:00:00,01214,21,9,2015,Mon,39
2015-09-22 00:00:00,81678,22,9,2015,Tue,39
2015-09-23 00:00:00,70202,23,9,2015,Wed,39
2015-09-24 00:00:00,41064,24,9,2015,Thu,39
2015-09-25 00:00:00,34529,25,9,2015,Fri,39
2015-09-26 00:00:00,56041,26,9,2015,Sat,39
2015-09-27 00:00:00,27065,27,9,2015,Sun,40
2015-09-28 00:00:00,78395,28,9,2015,Mon,40
2015-09-29 00:00:00,76925,29,9,2015,Tue,40
2015-09-30 00:00:00,35329,30,9,2015,Wed,40
2015-10-01 00:00:00,19399,1,10,2015,Thu,40
2015-10-02 00:00:00,93183,2,10,2015,Fri,40
2015-10-03 00:00:00,37610,3,10,2015,Sat,40
2015-10-04 00:00:00,97006,4,10,2015,Sun,41
2015-10-05 00:00:00,42829,5,10,2015,Mon,41
2015-10-06 00:00:00,89441,6,10,2015,Tue,41
2015-10-07 00:00:00,37847,7,10,2015,Wed,41
2015-10-08 00:00:00,29393,8,10,2015,Thu,41
2015-10-09 00:00:00,00683,9,10,2015,Fri,41
2015-10-10 00:00:00,99476,10,10,2015,Sat,41
2015-10-11 00:00:00,01814,11,10,2015,Sun,42
2015-10-12 00:00:00,78947,12,10,2015,Mon,42
2015-10-13 00:00:00,28931,13,10,2015,Tue,42
2015-10-14 00:00:00,38634,14,10,2015,Wed,42
2015-10-15 00:00:00,47747,15,10,2015,Thu,42
2015-10-16 00:00:00,03174,16,10,2015,Fri,42
2015-10-17 00:00:00,58829,17,10,2015,Sat,42
2015-10-18 00:00:00,86574,18,10,2015,Sun,43
2015-10-19 00:00:00,71047,19,10,2015,Mon,43
2015-10-20 00:00:00,65272,20,10,2015,Tue,43
2015-10-21 00:00:00,19267,21,10,2015,Wed,43
2015-10-22 00:00:00,58755,22,10,2015,Thu,43
2015-10-23 00:00:00,59489,23,10,2015,Fri,43
2015-10-24 00:00:00,84495,24,10,2015,Sat,43
2015-10-25 00:00:00,34257,25,10,2015,Sun,44
2015-10-26 00:00:00,73345,26,10,2015,Mon,44
2015-10-27 00:00:00,47389,27,10,2015,Tue,44
2015-10-28 00:00:00,77263,28,10,2015,Wed,44
2015-10-29 00:00:00,22947,29,10,2015,Thu,44
2015-10-30 00:00:00,30876,30,10,2015,Fri,44
2015-10-31 00:00:00,24136,31,10,2015,Sat,44
2015-11-01 00:00:00,10267,1,11,2015,Sun,45
2015-11-02 00:00:00,04698,2,11,2015,Mon,45
2015-11-03 00:00:00,61447,3,11,2015,Tue,45
2015-11-04 00:00:00,22113,4,11,2015,Wed,45
2015-11-05 00:00:00,55304,5,11,2015,Thu,45
2015-11-06 00:00:00,43368,6,11,2015,Fri,45
2015-11-07 00:00:00,37533,7,11,2015,Sat,45
2015-11-08 00:00:00,65446,8,11,2015,Sun,46
2015-11-09 00:00:00,43158,9,11,2015,Mon,46
2015-11-10 00:00:00,49895,10,11,2015,Tue,46
2015-11-11 00:00:00,34859,11,11,2015,Wed,46
2015-11-12 00:00:00,65767,12,11,2015,Thu,46
2015-11-13 00:00:00,99280,13,11,2015,Fri,46
2015-11-14 00:00:00,13322,14,11,2015,Sat,46
2015-11-15 00:00:00,53116,15,11,2015,Sun,47
2015-11-16 00:00:00,44485,16,11,2015,Mon,47
2015-11-17 00:00:00,53566,17,11,2015,Tue,47
2015-11-18 00:00:00,81026,18,11,2015,Wed,47
2015-11-19 00:00:00,12839,19,11,2015,Thu,47
2015-11-20 00:00:00,09486,20,11,2015,Fri,47
2015-11-21 00:00:00,49566,21,11,2015,Sat,47
2015-11-22 00:00:00,06369,22,11,2015,Sun,48
2015-11-23 00:00:00,46949,23,11,2015,Mon,48
2015-11-24 00:00:00,23288,24,11,2015,Tue,48
2015-11-25 00:00:00,90510,25,11,2015,Wed,48
2015-11-26 00:00:00,94054,26,11,2015,Thu,48
2015-11-27 00:00:00,25111,27,11,2015,Fri,48
2015-11-28 00:00:00,60313,28,11,2015,Sat,48
2015-11-29 00:00:00,49252,29,11,2015,Sun,49
2015-11-30 00:00:00,77512,30,11,2015,Mon,49
2015-12-01 00:00:00,68907,1,12,2015,Tue,49
2015-12-02 00:00:00,65414,2,12,2015,Wed,49
2015-12-03 00:00:00,98446,3,12,2015,Thu,49
2015-12-04 00:00:00,43760,4,12,2015,Fri,49
2015-12-05 00:00:00,61597,5,12,2015,Sat,49
2015-12-06 00:00:00,13731,6,12,2015,Sun,50
2015-12-07 00:00:00,85252,7,12,2015,Mon,50
2015-12-08 00:00:00,5252,8,12,2015,Tue,50
